pais,ano,litros,euros,euros_por_litro
Albânia,2021,151.0,1252.0,8.31
Albânia,2022,266.0,2270.0,8.55
Albânia,2023,963.0,8559.0,8.89
Albânia,2024,90.0,550.0,6.11
Albânia,2025,126.0,1102.0,8.75
Alemanha,2006,3008438.0,12043196.0,4.0
Alemanha,2007,4073398.0,15484645.0,3.8
Alemanha,2008,4718242.0,18407183.0,3.9
Alemanha,2009,4960267.0,18344497.0,3.7
Alemanha,2010,4087730.0,15711836.0,3.84
Alemanha,2011,3868401.0,15245678.0,3.94
Alemanha,2012,3817477.0,14690608.0,3.85
Alemanha,2013,4012237.0,16144879.0,4.02
Alemanha,2014,3976888.0,16145893.0,4.06
Alemanha,2015,3775376.0,15717290.0,4.16
Alemanha,2016,4006403.0,17064458.0,4.26
Alemanha,2017,4033016.0,17545767.0,4.35
Alemanha,2018,3772371.0,17456185.0,4.63
Alemanha,2019,3973367.0,18824435.0,4.74
Alemanha,2020,4188172.0,18702898.0,4.47
Alemanha,2021,4533714.0,21853774.0,4.82
Alemanha,2022,4354049.0,21318204.0,4.9
Alemanha,2023,4436770.0,21359378.0,4.81
Alemanha,2024,3854843.0,19033130.0,4.94
Alemanha,2025,3764503.0,18996339.0,5.05
Andorra,2006,124297.0,500153.0,4.02
Andorra,2007,109460.0,435038.0,3.97
Andorra,2008,135761.0,517213.0,3.81
Andorra,2009,88517.0,372980.0,4.21
Andorra,2010,115389.0,473259.0,4.1
Andorra,2011,106481.0,406258.0,3.82
Andorra,2012,99619.0,389352.0,3.91
Andorra,2013,73492.0,298139.0,4.06
Andorra,2014,107394.0,417229.0,3.89
Andorra,2015,85786.0,360290.0,4.2
Andorra,2016,73151.0,305069.0,4.17
Andorra,2017,64099.0,266131.0,4.15
Andorra,2018,70811.0,261434.0,3.69
Andorra,2019,59573.0,260190.0,4.37
Andorra,2020,47204.0,198446.0,4.2
Andorra,2021,42636.0,193068.0,4.53
Andorra,2022,52530.0,287940.0,5.48
Andorra,2023,54293.0,265580.0,4.89
Andorra,2024,44303.0,224699.0,5.07
Andorra,2025,45911.0,242069.0,5.27
Angola,2006,407888.0,1278854.0,3.14
Angola,2007,687584.0,2362351.0,3.44
Angola,2008,735030.0,3070737.0,4.18
Angola,2009,955888.0,3397195.0,3.55
Angola,2010,869666.0,3215197.0,3.7
Angola,2011,1296173.0,4400710.0,3.4
Angola,2012,1769354.0,5882006.0,3.32
Angola,2013,1567027.0,6642713.0,4.24
Angola,2014,2055667.0,8643988.0,4.2
Angola,2015,1398392.0,6318867.0,4.52
Angola,2016,810572.0,3593002.0,4.43
Angola,2017,905916.0,3392580.0,3.74
Angola,2018,762488.0,3262964.0,4.28
Angola,2019,742792.0,3199258.0,4.31
Angola,2020,354257.0,1549648.0,4.37
Angola,2021,510418.0,2068539.0,4.05
Angola,2022,746489.0,3588215.0,4.81
Angola,2023,523214.0,2947936.0,5.63
Angola,2024,505478.0,2823662.0,5.59
Angola,2025,606317.0,3071223.0,5.07
Anguila,2013,770.0,3095.0,4.02
Anguila,2014,5400.0,15010.0,2.78
Antilhas Holandesas,2006,11465.0,62417.0,5.44
Antilhas Holandesas,2007,12605.0,65200.0,5.17
Antilhas Holandesas,2008,13802.0,71341.0,5.17
Antilhas Holandesas,2009,12649.0,70800.0,5.6
Antilhas Holandesas,2010,9117.0,53499.0,5.87
Antilhas Holandesas,2011,14308.0,85330.0,5.96
Antilhas Holandesas,2012,12786.0,69649.0,5.45
Antilhas Holandesas,2013,13252.0,76988.0,5.81
Antilhas Holandesas,2014,8515.0,49370.0,5.8
Antilhas Holandesas,2015,2003.0,12230.0,6.11
Antígua e Barbuda,2006,1283.0,7774.0,6.06
Antígua e Barbuda,2007,1035.0,5788.0,5.59
Antígua e Barbuda,2008,1085.0,6010.0,5.54
Antígua e Barbuda,2009,1157.0,10074.0,8.71
Antígua e Barbuda,2010,468.0,2514.0,5.37
Antígua e Barbuda,2011,878.0,5996.0,6.83
Antígua e Barbuda,2012,959.0,3653.0,3.81
Antígua e Barbuda,2013,288.0,1448.0,5.03
Antígua e Barbuda,2014,1008.0,6194.0,6.14
Antígua e Barbuda,2015,432.0,2305.0,5.33
Antígua e Barbuda,2016,495.0,2742.0,5.54
Antígua e Barbuda,2018,428.0,2827.0,6.61
Antígua e Barbuda,2019,405.0,4579.0,11.31
Antígua e Barbuda,2022,2954.0,25178.0,8.52
Antígua e Barbuda,2023,900.0,6900.0,7.67
Antígua e Barbuda,2025,395.0,4111.0,10.42
Argentina,2006,2799.0,27308.0,9.76
Argentina,2007,5963.0,27948.0,4.69
Argentina,2008,3902.0,28765.0,7.37
Argentina,2009,1184.0,8471.0,7.16
Argentina,2010,4184.0,26265.0,6.28
Argentina,2011,6489.0,39596.0,6.1
Argentina,2012,1202.0,13431.0,11.18
Argentina,2013,4811.0,22058.0,4.59
Argentina,2014,347.0,7625.0,22.01
Argentina,2015,4680.0,22392.0,4.78
Argentina,2017,2796.0,25868.0,9.25
Argentina,2018,3717.0,30422.0,8.18
Argentina,2019,4176.0,55145.0,13.21
Argentina,2020,2580.0,17534.0,6.8
Argentina,2021,666.0,7326.0,11.0
Argentina,2022,4562.0,49936.0,10.95
Argentina,2023,3794.0,69549.0,18.33
Argentina,2024,423.0,6573.0,15.54
Argentina,2025,2526.0,23915.0,9.47
Argélia,2010,7200.0,13440.0,1.87
Argélia,2011,7200.0,12960.0,1.8
Argélia,2012,6750.0,13320.0,1.97
Argélia,2013,4500.0,14125.0,3.14
Argélia,2015,15246.0,54636.0,3.58
Argélia,2016,4500.0,12348.0,2.74
Argélia,2017,14850.0,49448.0,3.33
Argélia,2018,2250.0,8088.0,3.59
Argélia,2019,5400.0,21240.0,3.93
Argélia,2020,8910.0,35269.0,3.96
Argélia,2022,3555.0,17857.0,5.02
Arménia,2012,563.0,3493.0,6.21
Arménia,2013,315.0,3066.0,9.73
Arménia,2014,333.0,1627.0,4.89
Arménia,2015,432.0,2152.0,4.98
Arménia,2016,450.0,1275.0,2.83
Arménia,2017,540.0,3166.0,5.86
Arménia,2018,1080.0,3384.0,3.13
Arménia,2020,117.0,749.0,6.4
Arménia,2021,104.0,1072.0,10.36
Arménia,2022,2039.0,26673.0,13.08
Arménia,2023,1773.0,16515.0,9.31
Arménia,2024,1448.0,14699.0,10.15
Arménia,2025,1908.0,15415.0,8.08
Aruba,2007,306.0,2230.0,7.29
Aruba,2008,428.0,2408.0,5.63
Aruba,2011,648.0,2840.0,4.38
Aruba,2013,194.0,1186.0,6.13
Aruba,2014,221.0,1259.0,5.71
Aruba,2015,140.0,902.0,6.47
Aruba,2016,981.0,4783.0,4.88
Aruba,2017,72.0,344.0,4.78
Aruba,2018,671.0,7414.0,11.06
Aruba,2019,50.0,233.0,4.71
Aruba,2020,1467.0,10685.0,7.28
Aruba,2021,1371.0,7906.0,5.77
Aruba,2022,3605.0,17659.0,4.9
Aruba,2023,2549.0,14996.0,5.88
Aruba,2024,4340.0,37536.0,8.65
Aruba,2025,1980.0,11165.0,5.64
Austrália,2006,12635.0,118296.0,9.36
Austrália,2007,39089.0,308584.0,7.89
Austrália,2008,34714.0,343937.0,9.91
Austrália,2009,40660.0,329885.0,8.11
Austrália,2010,33642.0,309250.0,9.19
Austrália,2011,63670.0,542345.0,8.52
Austrália,2012,82142.0,522682.0,6.36
Austrália,2013,125724.0,1064739.0,8.47
Austrália,2014,110631.0,851252.0,7.69
Austrália,2015,62623.0,538014.0,8.59
Austrália,2016,103675.0,816592.0,7.88
Austrália,2017,78633.0,676436.0,8.6
Austrália,2018,98686.0,977701.0,9.91
Austrália,2019,94394.0,801851.0,8.49
Austrália,2020,96168.0,869915.0,9.05
Austrália,2021,58250.0,632632.0,10.86
Austrália,2022,77688.0,782738.0,10.08
Austrália,2023,70636.0,775758.0,10.98
Austrália,2024,44864.0,466190.0,10.39
Austrália,2025,68660.0,712459.0,10.38
Azerbaijão,2010,891.0,7526.0,8.45
Azerbaijão,2011,450.0,4463.0,9.92
Azerbaijão,2012,450.0,4057.0,9.02
Azerbaijão,2013,234.0,1729.0,7.39
Azerbaijão,2014,804.0,13288.0,16.53
Azerbaijão,2015,477.0,3053.0,6.4
Azerbaijão,2016,288.0,2588.0,8.99
Azerbaijão,2017,477.0,3893.0,8.16
Azerbaijão,2019,140.0,1499.0,10.75
Azerbaijão,2020,482.0,3073.0,6.38
Azerbaijão,2021,1895.0,15990.0,8.44
Azerbaijão,2022,1220.0,6271.0,5.14
Azerbaijão,2024,1424.0,10436.0,7.33
Azerbaijão,2025,2160.0,21233.0,9.83
Baamas,2006,2250.0,21943.0,9.75
Baamas,2007,1440.0,7250.0,5.03
Baamas,2008,2889.0,15011.0,5.2
Baamas,2010,819.0,3921.0,4.79
Baamas,2011,6665.0,33873.0,5.08
Baamas,2012,3942.0,20770.0,5.27
Baamas,2013,653.0,3779.0,5.79
Baamas,2014,180.0,889.0,4.94
Baamas,2023,488.0,13741.0,28.19
Baamas,2024,552.0,4009.0,7.26
Baamas,2025,428.0,3849.0,9.0
Bangladeche,2011,495.0,1717.0,3.47
Bangladeche,2014,495.0,2419.0,4.89
Bangladeche,2015,284.0,1325.0,4.68
Barbados,2007,660.0,5146.0,7.8
Barbados,2008,1373.0,9646.0,7.03
Barbados,2009,449.0,5044.0,11.25
Barbados,2010,722.0,7186.0,9.96
Barbados,2011,113.0,740.0,6.58
Barbados,2012,213.0,2590.0,12.16
Barbados,2013,90.0,612.0,6.8
Barbados,2014,234.0,3020.0,12.91
Barbados,2015,140.0,1268.0,9.09
Barbados,2018,108.0,1449.0,13.42
Barbados,2019,244.0,3324.0,13.61
Barbados,2021,774.0,6017.0,7.77
Barbados,2022,3353.0,19458.0,5.8
Barbados,2023,590.0,2444.0,4.15
Barbados,2024,1013.0,6877.0,6.79
Barbados,2025,653.0,3074.0,4.71
Barém,2006,293.0,1372.0,4.69
Barém,2007,585.0,2284.0,3.9
Barém,2008,180.0,622.0,3.45
Barém,2009,1260.0,5206.0,4.13
Barém,2010,540.0,2049.0,3.8
Barém,2011,6056.0,22303.0,3.68
Barém,2012,1137.0,6411.0,5.64
Barém,2013,1530.0,5532.0,3.62
Barém,2014,1898.0,10963.0,5.78
Barém,2015,2424.0,14301.0,5.9
Barém,2016,1383.0,7866.0,5.69
Barém,2017,1103.0,7143.0,6.48
Barém,2018,2412.0,15469.0,6.41
Barém,2019,1112.0,5967.0,5.37
Barém,2020,2150.0,13857.0,6.45
Barém,2021,1472.0,8746.0,5.94
Barém,2022,3429.0,23111.0,6.74
Barém,2023,1193.0,8126.0,6.81
Barém,2024,1725.0,12617.0,7.31
Barém,2025,2709.0,18380.0,6.78
Belize,2010,823.0,5825.0,7.08
Belize,2011,428.0,3066.0,7.17
Belize,2012,90.0,516.0,5.73
Belize,2014,23.0,570.0,25.33
Belize,2015,14504.0,40764.0,2.81
Belize,2016,16659.0,48042.0,2.88
Belize,2018,27.0,1308.0,48.44
Benim,2007,25.0,16.0,0.65
Benim,2008,5.0,90.0,17.07
Benim,2009,5.0,0.0,
Benim,2011,128.0,273.0,2.13
Benim,2012,2.0,0.0,
Benim,2013,5.0,0.0,
Benim,2015,5.0,0.0,
Benim,2016,6.0,0.0,
Benim,2024,2.0,0.0,
Benim,2025,401.0,3695.0,9.22
Bermudas,2006,10598.0,110249.0,10.4
Bermudas,2007,6436.0,67732.0,10.52
Bermudas,2008,12327.0,102960.0,8.35
Bermudas,2009,8915.0,64258.0,7.21
Bermudas,2010,9391.0,83274.0,8.87
Bermudas,2011,11328.0,92477.0,8.16
Bermudas,2012,6251.0,70099.0,11.21
Bermudas,2013,9944.0,87361.0,8.79
Bermudas,2014,5425.0,62841.0,11.58
Bermudas,2015,8574.0,72977.0,8.51
Bermudas,2016,7698.0,70079.0,9.1
Bermudas,2017,9281.0,87198.0,9.4
Bermudas,2018,17208.0,131632.0,7.65
Bermudas,2019,10332.0,69964.0,6.77
Bermudas,2020,10823.0,85869.0,7.93
Bermudas,2021,12573.0,94267.0,7.5
Bermudas,2022,11453.0,111196.0,9.71
Bermudas,2023,10446.0,104553.0,10.01
Bermudas,2024,5768.0,75491.0,13.09
Bermudas,2025,6161.0,85038.0,13.8
Bielorrússia,2007,9122.0,28988.0,3.18
Bielorrússia,2008,4227.0,12913.0,3.05
Bielorrússia,2009,4635.0,15962.0,3.44
Bielorrússia,2010,1440.0,5040.0,3.5
Bielorrússia,2011,4622.0,18827.0,4.07
Bielorrússia,2012,969.0,5734.0,5.92
Bielorrússia,2013,2408.0,8876.0,3.69
Bielorrússia,2014,6804.0,29753.0,4.37
Bielorrússia,2015,4545.0,18967.0,4.17
Bielorrússia,2016,18140.0,81212.0,4.48
Bielorrússia,2017,23405.0,126534.0,5.41
Bielorrússia,2018,22608.0,105137.0,4.65
Bielorrússia,2019,35708.0,172850.0,4.84
Bielorrússia,2020,43789.0,198037.0,4.52
Bielorrússia,2021,39384.0,174344.0,4.43
Bielorrússia,2022,15260.0,82745.0,5.42
Bielorrússia,2023,26753.0,102897.0,3.85
Bielorrússia,2024,30722.0,105191.0,3.42
Bielorrússia,2025,27072.0,111418.0,4.12
Bolívia,2007,1949.0,8951.0,4.59
Bolívia,2008,2975.0,17717.0,5.96
Bolívia,2009,3389.0,26244.0,7.75
Bolívia,2010,4298.0,29158.0,6.78
Bolívia,2011,608.0,4163.0,6.85
Bolívia,2012,1845.0,16277.0,8.82
Bolívia,2013,506.0,5552.0,10.98
Bolívia,2014,527.0,3490.0,6.63
Bolívia,2015,387.0,3192.0,8.25
Bolívia,2016,1026.0,5913.0,5.76
Bolívia,2017,416.0,4534.0,10.89
Bolívia,2018,707.0,4361.0,6.17
Bolívia,2019,1620.0,12697.0,7.84
Bolívia,2020,2295.0,19137.0,8.34
Bolívia,2022,1800.0,11583.0,6.43
Bolívia,2023,810.0,9481.0,11.71
Bolívia,2024,270.0,1426.0,5.28
Bonaire Santo Eustáq,2020,146.0,1020.0,6.97
Bonaire Santo Eustáq,2022,567.0,5041.0,8.89
Brasil,2006,1517492.0,5435020.0,3.58
Brasil,2007,1783229.0,6799876.0,3.81
Brasil,2008,1920231.0,7143983.0,3.72
Brasil,2009,1723279.0,7399952.0,4.29
Brasil,2010,2080179.0,8735479.0,4.2
Brasil,2011,2467843.0,10075391.0,4.08
Brasil,2012,2191628.0,8510187.0,3.88
Brasil,2013,1996600.0,7996749.0,4.01
Brasil,2014,2072490.0,8201009.0,3.96
Brasil,2015,2135522.0,8364132.0,3.92
Brasil,2016,2099206.0,7510993.0,3.58
Brasil,2017,2681569.0,9483759.0,3.54
Brasil,2018,2395854.0,9635848.0,4.02
Brasil,2019,2217563.0,9240971.0,4.17
Brasil,2020,2215868.0,9192060.0,4.15
Brasil,2021,2356237.0,9922246.0,4.21
Brasil,2022,1976452.0,9405666.0,4.76
Brasil,2023,2179554.0,10432352.0,4.79
Brasil,2024,1789866.0,9754858.0,5.45
Brasil,2025,2052905.0,10594996.0,5.16
Bulgária,2006,2151.0,10524.0,4.89
Bulgária,2007,2165.0,17412.0,8.04
Bulgária,2008,10769.0,41698.0,3.87
Bulgária,2009,1566.0,6476.0,4.14
Bulgária,2010,4392.0,22549.0,5.13
Bulgária,2011,1098.0,7123.0,6.49
Bulgária,2012,3429.0,23068.0,6.73
Bulgária,2013,7279.0,40484.0,5.56
Bulgária,2014,2797.0,17766.0,6.35
Bulgária,2015,5292.0,36397.0,6.88
Bulgária,2016,4192.0,28410.0,6.78
Bulgária,2017,10586.0,82160.0,7.76
Bulgária,2018,8367.0,65600.0,7.84
Bulgária,2019,10546.0,86383.0,8.19
Bulgária,2020,9488.0,85258.0,8.99
Bulgária,2021,11701.0,85980.0,7.35
Bulgária,2022,9256.0,62091.0,6.71
Bulgária,2023,12053.0,92086.0,7.64
Bulgária,2024,22135.0,153639.0,6.94
Bulgária,2025,14828.0,111536.0,7.52
Burquina Faso,2019,2160.0,11988.0,5.55
Burundi,2024,45.0,290.0,6.44
Burundi,2025,272.0,1692.0,6.22
Bélgica,2006,11527512.0,41430539.0,3.59
Bélgica,2007,11875449.0,42675576.0,3.59
Bélgica,2008,11217725.0,41143947.0,3.67
Bélgica,2009,10842499.0,39691077.0,3.66
Bélgica,2010,11130310.0,40554322.0,3.64
Bélgica,2011,9967186.0,36784552.0,3.69
Bélgica,2012,9831654.0,36813145.0,3.74
Bélgica,2013,8674881.0,34272177.0,3.95
Bélgica,2014,9356664.0,36696887.0,3.92
Bélgica,2015,9332886.0,35972382.0,3.85
Bélgica,2016,8316043.0,32919816.0,3.96
Bélgica,2017,7941879.0,31698390.0,3.99
Bélgica,2018,8506147.0,33773721.0,3.97
Bélgica,2019,8138242.0,32912377.0,4.04
Bélgica,2020,8295402.0,33699832.0,4.06
Bélgica,2021,8998954.0,36859947.0,4.1
Bélgica,2022,8116975.0,33057740.0,4.07
Bélgica,2023,6656723.0,28969817.0,4.35
Bélgica,2024,6686648.0,29330582.0,4.39
Bélgica,2025,6401829.0,28274343.0,4.42
Cabo Verde,2006,44711.0,96581.0,2.16
Cabo Verde,2007,39135.0,111940.0,2.86
Cabo Verde,2008,67665.0,156294.0,2.31
Cabo Verde,2009,46262.0,124703.0,2.7
Cabo Verde,2010,50582.0,146100.0,2.89
Cabo Verde,2011,44672.0,118927.0,2.66
Cabo Verde,2012,48332.0,108613.0,2.25
Cabo Verde,2013,39026.0,109187.0,2.8
Cabo Verde,2014,26087.0,79740.0,3.06
Cabo Verde,2015,34427.0,111363.0,3.23
Cabo Verde,2016,35975.0,123062.0,3.42
Cabo Verde,2017,19348.0,60742.0,3.14
Cabo Verde,2018,22718.0,75152.0,3.31
Cabo Verde,2019,23685.0,73330.0,3.1
Cabo Verde,2020,6947.0,24809.0,3.57
Cabo Verde,2021,15180.0,62965.0,4.15
Cabo Verde,2022,18004.0,67254.0,3.74
Cabo Verde,2023,25848.0,98571.0,3.81
Cabo Verde,2024,20169.0,84393.0,4.18
Cabo Verde,2025,22680.0,91614.0,4.04
Camarões,2007,486.0,3515.0,7.23
Camarões,2014,1139.0,4361.0,3.83
Camarões,2015,1139.0,4361.0,3.83
Camarões,2016,2.0,0.0,
Camarões,2023,2.0,0.0,
Camboja,2006,144.0,980.0,6.81
Camboja,2007,495.0,4873.0,9.84
Camboja,2008,531.0,4882.0,9.19
Camboja,2010,270.0,3071.0,11.37
Camboja,2011,171.0,1355.0,7.92
Camboja,2012,162.0,1214.0,7.49
Camboja,2013,14228.0,51743.0,3.64
Camboja,2014,135.0,833.0,6.17
Camboja,2015,146.0,1250.0,8.59
Camboja,2016,752.0,5111.0,6.8
Camboja,2018,387.0,2533.0,6.55
Camboja,2019,90.0,462.0,5.13
Camboja,2020,180.0,1062.0,5.9
Camboja,2021,450.0,4933.0,10.96
Camboja,2022,495.0,5785.0,11.69
Camboja,2023,455.0,3935.0,8.64
Camboja,2024,810.0,6029.0,7.44
Canadá,2006,3006111.0,19634743.0,6.53
Canadá,2007,3277048.0,22216776.0,6.78
Canadá,2008,3017818.0,19032028.0,6.31
Canadá,2009,2949696.0,17936371.0,6.08
Canadá,2010,2984703.0,20558743.0,6.89
Canadá,2011,2831209.0,19922628.0,7.04
Canadá,2012,2811238.0,19912607.0,7.08
Canadá,2013,2957691.0,21066286.0,7.12
Canadá,2014,2966818.0,18532177.0,6.25
Canadá,2015,3254684.0,19858666.0,6.1
Canadá,2016,3538690.0,21243016.0,6.0
Canadá,2017,3799018.0,22750012.0,5.99
Canadá,2018,4036104.0,23091832.0,5.72
Canadá,2019,3965958.0,22428183.0,5.66
Canadá,2020,4339919.0,23621447.0,5.44
Canadá,2021,3901610.0,23465575.0,6.01
Canadá,2022,3661437.0,23415850.0,6.4
Canadá,2023,3163512.0,20724614.0,6.55
Canadá,2024,3117526.0,20539358.0,6.59
Canadá,2025,3102966.0,19802976.0,6.38
Catar,2006,765.0,5297.0,6.92
Catar,2007,1332.0,22346.0,16.78
Catar,2008,5076.0,50943.0,10.04
Catar,2009,5121.0,36646.0,7.16
Catar,2010,5229.0,52239.0,9.99
Catar,2011,8096.0,91289.0,11.28
Catar,2012,7254.0,70850.0,9.77
Catar,2013,13919.0,210546.0,15.13
Catar,2014,7542.0,42993.0,5.7
Catar,2015,9324.0,49435.0,5.3
Catar,2016,20682.0,122639.0,5.93
Catar,2017,9963.0,47048.0,4.72
Catar,2018,14571.0,211471.0,14.51
Catar,2019,18230.0,274146.0,15.04
Catar,2020,9203.0,44031.0,4.78
Catar,2021,14745.0,167203.0,11.34
Catar,2022,22397.0,244223.0,10.9
Catar,2023,17622.0,379776.0,21.55
Catar,2024,21371.0,494653.0,23.15
Catar,2025,15075.0,195748.0,12.98
Cazaquistão,2006,203.0,3437.0,16.97
Cazaquistão,2007,1346.0,14717.0,10.94
Cazaquistão,2008,2480.0,29390.0,11.85
Cazaquistão,2009,2010.0,22303.0,11.1
Cazaquistão,2010,9923.0,64079.0,6.46
Cazaquistão,2011,12713.0,100921.0,7.94
Cazaquistão,2012,1890.0,9635.0,5.1
Cazaquistão,2013,10391.0,56874.0,5.47
Cazaquistão,2014,2601.0,21087.0,8.11
Cazaquistão,2015,13676.0,76069.0,5.56
Cazaquistão,2016,1760.0,12603.0,7.16
Cazaquistão,2017,9558.0,29344.0,3.07
Cazaquistão,2018,12218.0,53285.0,4.36
Cazaquistão,2019,3119.0,17124.0,5.49
Cazaquistão,2020,6467.0,29603.0,4.58
Cazaquistão,2021,4205.0,31654.0,7.53
Cazaquistão,2022,2261.0,19621.0,8.68
Cazaquistão,2023,6120.0,48058.0,7.85
Cazaquistão,2024,3362.0,27945.0,8.31
Cazaquistão,2025,3731.0,29542.0,7.92
Chile,2006,698.0,6469.0,9.27
Chile,2007,7673.0,41034.0,5.35
Chile,2008,2565.0,20926.0,8.16
Chile,2009,3339.0,21452.0,6.42
Chile,2010,4266.0,27014.0,6.33
Chile,2011,7164.0,42857.0,5.98
Chile,2012,11984.0,70532.0,5.89
Chile,2013,4280.0,32301.0,7.55
Chile,2014,9729.0,57245.0,5.88
Chile,2015,6710.0,42012.0,6.26
Chile,2016,16775.0,102845.0,6.13
Chile,2017,4807.0,36687.0,7.63
Chile,2018,12983.0,82106.0,6.32
Chile,2019,14453.0,102758.0,7.11
Chile,2020,7010.0,43712.0,6.24
Chile,2021,12600.0,73313.0,5.82
Chile,2022,13590.0,101257.0,7.45
Chile,2023,8861.0,60176.0,6.79
Chile,2024,11291.0,79093.0,7.01
Chile,2025,8526.0,72021.0,8.45
China,2006,34376.0,152872.0,4.45
China,2007,65096.0,239436.0,3.68
China,2008,65224.0,323389.0,4.96
China,2009,107653.0,468616.0,4.35
China,2010,92718.0,548236.0,5.91
China,2011,194220.0,989145.0,5.09
China,2012,232335.0,1410531.0,6.07
China,2013,294074.0,2713471.0,9.23
China,2014,305194.0,1536022.0,5.03
China,2015,476758.0,2057272.0,4.32
China,2016,745219.0,3049625.0,4.09
China,2017,831835.0,3663307.0,4.4
China,2018,840887.0,3943494.0,4.69
China,2019,851034.0,4685249.0,5.51
China,2020,516184.0,2953510.0,5.72
China,2021,576854.0,3420455.0,5.93
China,2022,268377.0,1947740.0,7.26
China,2023,272822.0,1854773.0,6.8
China,2024,193495.0,1433469.0,7.41
China,2025,195152.0,1600703.0,8.2
Chipre,2006,4204.0,28171.0,6.7
Chipre,2007,5049.0,37329.0,7.39
Chipre,2008,3378.0,20991.0,6.21
Chipre,2009,4064.0,34750.0,8.55
Chipre,2010,3589.0,21510.0,5.99
Chipre,2011,2486.0,20090.0,8.08
Chipre,2012,3449.0,21389.0,6.2
Chipre,2013,4959.0,33393.0,6.73
Chipre,2014,7538.0,45022.0,5.97
Chipre,2015,4449.0,30403.0,6.83
Chipre,2016,6737.0,42093.0,6.25
Chipre,2017,6921.0,41918.0,6.06
Chipre,2018,5870.0,40241.0,6.86
Chipre,2019,6953.0,41778.0,6.01
Chipre,2020,5081.0,31663.0,6.23
Chipre,2021,10103.0,67904.0,6.72
Chipre,2022,7056.0,54590.0,7.74
Chipre,2023,9579.0,174077.0,18.17
Chipre,2024,8966.0,65761.0,7.33
Chipre,2025,8413.0,63762.0,7.58
Chéquia,2006,220946.0,1182595.0,5.35
Chéquia,2007,358810.0,1731893.0,4.83
Chéquia,2008,334483.0,1652785.0,4.94
Chéquia,2009,305989.0,1445593.0,4.72
Chéquia,2010,344234.0,1540499.0,4.48
Chéquia,2011,312055.0,1376701.0,4.41
Chéquia,2012,180312.0,867467.0,4.81
Chéquia,2013,153883.0,756920.0,4.92
Chéquia,2014,130332.0,769939.0,5.91
Chéquia,2015,276732.0,1221198.0,4.41
Chéquia,2016,272356.0,1260292.0,4.63
Chéquia,2017,308653.0,1447742.0,4.69
Chéquia,2018,341502.0,1547785.0,4.53
Chéquia,2019,290005.0,1315195.0,4.54
Chéquia,2020,252405.0,1083405.0,4.29
Chéquia,2021,239729.0,1202302.0,5.02
Chéquia,2022,272400.0,1379133.0,5.06
Chéquia,2023,213615.0,1268025.0,5.94
Chéquia,2024,193269.0,1115761.0,5.77
Chéquia,2025,152357.0,1038608.0,6.82
Colômbia,2006,8847.0,27075.0,3.06
Colômbia,2007,1365.0,6780.0,4.97
Colômbia,2008,1305.0,6240.0,4.78
Colômbia,2009,1735.0,11568.0,6.67
Colômbia,2010,5360.0,35269.0,6.58
Colômbia,2011,13811.0,83780.0,6.07
Colômbia,2012,7155.0,41724.0,5.83
Colômbia,2013,23756.0,132548.0,5.58
Colômbia,2014,11723.0,80735.0,6.89
Colômbia,2015,24644.0,144515.0,5.86
Colômbia,2016,20921.0,114651.0,5.48
Colômbia,2017,5492.0,42689.0,7.77
Colômbia,2018,15848.0,97950.0,6.18
Colômbia,2019,24658.0,126348.0,5.12
Colômbia,2020,11610.0,49833.0,4.29
Colômbia,2021,13644.0,78422.0,5.75
Colômbia,2022,37324.0,185873.0,4.98
Colômbia,2023,8026.0,63192.0,7.87
Colômbia,2024,31199.0,191336.0,6.13
Colômbia,2025,25498.0,130134.0,5.1
Congo,2006,5463.0,20579.0,3.77
Congo,2007,6102.0,24238.0,3.97
Congo,2008,1044.0,5015.0,4.8
Congo,2009,2043.0,11044.0,5.41
Congo,2010,2727.0,10913.0,4.0
Congo,2011,5679.0,26797.0,4.72
Congo,2012,3956.0,16093.0,4.07
Congo,2013,1688.0,6970.0,4.13
Congo,2014,1152.0,6375.0,5.53
Congo,2015,1958.0,13534.0,6.91
Congo,2016,1274.0,10290.0,8.08
Congo,2017,594.0,3163.0,5.32
Congo,2018,630.0,3270.0,5.19
Congo,2020,135.0,703.0,5.21
Congo,2022,585.0,6279.0,10.73
Congo,2023,2477.0,17480.0,7.06
Congo,2024,270.0,1689.0,6.26
Coreia do Norte,2016,270.0,3960.0,14.67
Coreia do Norte,2019,855.0,4389.0,5.13
Coreia do Norte,2023,68.0,361.0,5.35
Coreia do Norte,2025,2723.0,13802.0,5.07
Coreia do Sul,2006,13262.0,69725.0,5.26
Coreia do Sul,2007,24032.0,152412.0,6.34
Coreia do Sul,2008,21461.0,189419.0,8.83
Coreia do Sul,2009,5956.0,45192.0,7.59
Coreia do Sul,2010,4439.0,32268.0,7.27
Coreia do Sul,2011,6382.0,47328.0,7.42
Coreia do Sul,2012,17354.0,117139.0,6.75
Coreia do Sul,2013,14201.0,154619.0,10.89
Coreia do Sul,2014,19424.0,161033.0,8.29
Coreia do Sul,2015,31851.0,241234.0,7.57
Coreia do Sul,2016,62603.0,489956.0,7.83
Coreia do Sul,2017,65890.0,559518.0,8.49
Coreia do Sul,2018,72963.0,623208.0,8.54
Coreia do Sul,2019,106811.0,964998.0,9.03
Coreia do Sul,2020,241530.0,2013719.0,8.34
Coreia do Sul,2021,430518.0,3562613.0,8.28
Coreia do Sul,2022,409246.0,3633838.0,8.88
Coreia do Sul,2023,321554.0,3100773.0,9.64
Coreia do Sul,2024,289895.0,2898019.0,10.0
Coreia do Sul,2025,355340.0,3433465.0,9.66
Costa Rica,2006,4190.0,25179.0,6.01
Costa Rica,2007,7380.0,34965.0,4.74
Costa Rica,2008,5009.0,22315.0,4.46
Costa Rica,2009,2669.0,12444.0,4.66
Costa Rica,2010,4185.0,18883.0,4.51
Costa Rica,2011,5711.0,27649.0,4.84
Costa Rica,2012,2574.0,12083.0,4.69
Costa Rica,2013,3744.0,17344.0,4.63
Costa Rica,2014,5405.0,24274.0,4.49
Costa Rica,2015,4106.0,22867.0,5.57
Costa Rica,2016,8340.0,46069.0,5.52
Costa Rica,2017,6329.0,46044.0,7.28
Costa Rica,2018,3515.0,21475.0,6.11
Costa Rica,2019,4275.0,25198.0,5.89
Costa Rica,2020,1368.0,7441.0,5.44
Costa Rica,2021,5945.0,31323.0,5.27
Costa Rica,2022,8290.0,51378.0,6.2
Costa Rica,2023,1207.0,7412.0,6.14
Costa Rica,2024,3602.0,26534.0,7.37
Costa Rica,2025,6362.0,46238.0,7.27
Costa do Marfim,2006,11394.0,71811.0,6.3
Costa do Marfim,2007,4230.0,16803.0,3.97
Costa do Marfim,2008,7358.0,28995.0,3.94
Costa do Marfim,2009,13748.0,56516.0,4.11
Costa do Marfim,2010,7313.0,30253.0,4.14
Costa do Marfim,2011,8033.0,37638.0,4.69
Costa do Marfim,2012,17843.0,72122.0,4.04
Costa do Marfim,2013,9675.0,45023.0,4.65
Costa do Marfim,2014,16515.0,74548.0,4.51
Costa do Marfim,2015,16466.0,71406.0,4.34
Costa do Marfim,2016,21150.0,86851.0,4.11
Costa do Marfim,2017,27806.0,118781.0,4.27
Costa do Marfim,2018,34903.0,143345.0,4.11
Costa do Marfim,2019,29255.0,123198.0,4.21
Costa do Marfim,2020,30573.0,118167.0,3.87
Costa do Marfim,2021,61672.0,265988.0,4.31
Costa do Marfim,2022,59426.0,299195.0,5.03
Costa do Marfim,2023,57557.0,287127.0,4.99
Costa do Marfim,2024,48554.0,232805.0,4.79
Costa do Marfim,2025,50076.0,236767.0,4.73
Croácia,2006,2232.0,8627.0,3.87
Croácia,2007,9114.0,58728.0,6.44
Croácia,2008,5474.0,24812.0,4.53
Croácia,2009,2936.0,18862.0,6.42
Croácia,2010,1319.0,5133.0,3.89
Croácia,2011,3465.0,22487.0,6.49
Croácia,2012,4445.0,28126.0,6.33
Croácia,2013,1872.0,8917.0,4.76
Croácia,2014,5053.0,30595.0,6.06
Croácia,2015,2759.0,20995.0,7.61
Croácia,2016,3011.0,30209.0,10.03
Croácia,2017,2367.0,22715.0,9.6
Croácia,2018,2335.0,21754.0,9.32
Croácia,2019,4107.0,29002.0,7.06
Croácia,2020,3569.0,23701.0,6.64
Croácia,2021,4010.0,32916.0,8.21
Croácia,2022,2983.0,27037.0,9.06
Croácia,2023,3953.0,38063.0,9.63
Croácia,2024,5166.0,41633.0,8.06
Croácia,2025,5460.0,47515.0,8.7
Cuba,2006,468.0,3493.0,7.46
Cuba,2007,547.0,6801.0,12.44
Cuba,2008,1143.0,10751.0,9.41
Cuba,2009,3.0,0.0,
Cuba,2010,924.0,10267.0,11.11
Cuba,2011,972.0,8626.0,8.87
Cuba,2012,1978.0,18008.0,9.11
Cuba,2013,1528.0,9976.0,6.53
Cuba,2014,1508.0,11181.0,7.42
Cuba,2015,1742.0,8894.0,5.11
Cuba,2016,2266.0,16653.0,7.35
Cuba,2017,1015.0,6106.0,6.02
Cuba,2018,698.0,4960.0,7.11
Cuba,2019,342.0,2536.0,7.42
Cuba,2021,251.0,1650.0,6.59
Cuba,2022,4356.0,23959.0,5.5
Cuba,2023,1944.0,11284.0,5.8
Cuba,2024,9041.0,45978.0,5.09
Cuba,2025,1143.0,7476.0,6.54
Curaçau,2014,848.0,6714.0,7.92
Curaçau,2015,7516.0,51936.0,6.91
Curaçau,2016,6506.0,38884.0,5.98
Curaçau,2017,8148.0,47283.0,5.8
Curaçau,2018,8552.0,49948.0,5.84
Curaçau,2019,10734.0,64157.0,5.98
Curaçau,2020,8304.0,54028.0,6.51
Curaçau,2021,11867.0,63313.0,5.34
Curaçau,2022,9044.0,58316.0,6.45
Curaçau,2023,7926.0,60707.0,7.66
Curaçau,2024,4599.0,34148.0,7.43
Curaçau,2025,6397.0,40103.0,6.27
Dinamarca,2006,1433374.0,7363264.0,5.14
Dinamarca,2007,1477471.0,7976312.0,5.4
Dinamarca,2008,1211476.0,6449241.0,5.32
Dinamarca,2009,1301309.0,7786473.0,5.98
Dinamarca,2010,1864978.0,13833761.0,7.42
Dinamarca,2011,1530507.0,9317657.0,6.09
Dinamarca,2012,1226966.0,7048254.0,5.74
Dinamarca,2013,1339866.0,7900315.0,5.9
Dinamarca,2014,1638906.0,10725404.0,6.54
Dinamarca,2015,1703264.0,12235704.0,7.18
Dinamarca,2016,1675063.0,13253207.0,7.91
Dinamarca,2017,1718481.0,14196846.0,8.26
Dinamarca,2018,1881962.0,16081611.0,8.55
Dinamarca,2019,2056465.0,18392876.0,8.94
Dinamarca,2020,1974470.0,17366564.0,8.8
Dinamarca,2021,2038529.0,18836421.0,9.24
Dinamarca,2022,1915353.0,17751547.0,9.27
Dinamarca,2023,1832177.0,16131435.0,8.8
Dinamarca,2024,2086205.0,18643125.0,8.94
Dinamarca,2025,1886666.0,17317981.0,9.18
Domínica,2023,3000.0,11231.0,3.74
Domínica,2025,135.0,790.0,5.85
Emirados Árabes Unid,2006,13917.0,123443.0,8.87
Emirados Árabes Unid,2007,23562.0,258497.0,10.97
Emirados Árabes Unid,2008,24295.0,283400.0,11.67
Emirados Árabes Unid,2009,18708.0,215652.0,11.53
Emirados Árabes Unid,2010,37066.0,210099.0,5.67
Emirados Árabes Unid,2011,45964.0,378245.0,8.23
Emirados Árabes Unid,2012,67001.0,724627.0,10.82
Emirados Árabes Unid,2013,68987.0,688636.0,9.98
Emirados Árabes Unid,2014,113819.0,1154286.0,10.14
Emirados Árabes Unid,2015,123647.0,1549195.0,12.53
Emirados Árabes Unid,2016,106260.0,1563436.0,14.71
Emirados Árabes Unid,2017,132836.0,2048997.0,15.43
Emirados Árabes Unid,2018,114526.0,1704416.0,14.88
Emirados Árabes Unid,2019,96765.0,1452182.0,15.01
Emirados Árabes Unid,2020,40316.0,561851.0,13.94
Emirados Árabes Unid,2021,70109.0,489442.0,6.98
Emirados Árabes Unid,2022,155264.0,1924875.0,12.4
Emirados Árabes Unid,2023,114141.0,1726727.0,15.13
Emirados Árabes Unid,2024,120767.0,1663183.0,13.77
Emirados Árabes Unid,2025,171479.0,2293793.0,13.38
Equador,2006,8100.0,36402.0,4.49
Equador,2007,4500.0,22450.0,4.99
Equador,2008,1800.0,8980.0,4.99
Equador,2009,1890.0,6233.0,3.3
Equador,2010,3150.0,11420.0,3.63
Equador,2011,7020.0,41575.0,5.92
Equador,2013,9054.0,47762.0,5.28
Equador,2014,1728.0,8352.0,4.83
Equador,2017,11664.0,53906.0,4.62
Equador,2018,3942.0,13934.0,3.53
Equador,2019,4050.0,14411.0,3.56
Equador,2020,450.0,1800.0,4.0
Equador,2021,12534.0,34809.0,2.78
Equador,2022,8825.0,52687.0,5.97
Equador,2024,4455.0,21165.0,4.75
Equador,2025,2684.0,24797.0,9.24
Eslováquia,2006,1238.0,10418.0,8.41
Eslováquia,2007,14546.0,53975.0,3.71
Eslováquia,2008,7958.0,46918.0,5.9
Eslováquia,2009,28395.0,100114.0,3.53
Eslováquia,2010,53522.0,266574.0,4.98
Eslováquia,2011,27947.0,107549.0,3.85
Eslováquia,2012,26033.0,100897.0,3.88
Eslováquia,2013,13782.0,70933.0,5.15
Eslováquia,2014,10565.0,70335.0,6.66
Eslováquia,2015,10587.0,66107.0,6.24
Eslováquia,2016,9018.0,60778.0,6.74
Eslováquia,2017,10960.0,69474.0,6.34
Eslováquia,2018,12613.0,76996.0,6.1
Eslováquia,2019,14924.0,105468.0,7.07
Eslováquia,2020,31308.0,152398.0,4.87
Eslováquia,2021,71684.0,321397.0,4.48
Eslováquia,2022,57868.0,286567.0,4.95
Eslováquia,2023,73114.0,405731.0,5.55
Eslováquia,2024,67454.0,360008.0,5.34
Eslováquia,2025,48793.0,282542.0,5.79
Eslovénia,2006,1017.0,10003.0,9.84
Eslovénia,2007,6140.0,51095.0,8.32
Eslovénia,2008,7983.0,76355.0,9.56
Eslovénia,2009,3012.0,29421.0,9.77
Eslovénia,2010,1506.0,12043.0,8.0
Eslovénia,2011,5179.0,33550.0,6.48
Eslovénia,2012,3161.0,21935.0,6.94
Eslovénia,2013,4964.0,37343.0,7.52
Eslovénia,2014,5381.0,37323.0,6.94
Eslovénia,2015,6333.0,35129.0,5.55
Eslovénia,2016,6515.0,39483.0,6.06
Eslovénia,2017,6349.0,51751.0,8.15
Eslovénia,2018,5700.0,56696.0,9.95
Eslovénia,2019,4998.0,31711.0,6.34
Eslovénia,2020,7167.0,48912.0,6.82
Eslovénia,2021,6692.0,64139.0,9.58
Eslovénia,2022,7447.0,69193.0,9.29
Eslovénia,2023,7329.0,89972.0,12.28
Eslovénia,2024,8708.0,63778.0,7.32
Eslovénia,2025,12129.0,60232.0,4.97
Espanha,2006,1293011.0,6191924.0,4.79
Espanha,2007,1545997.0,7152643.0,4.63
Espanha,2008,1193594.0,5670345.0,4.75
Espanha,2009,1234213.0,5734849.0,4.65
Espanha,2010,1228154.0,5695062.0,4.64
Espanha,2011,1217101.0,5432170.0,4.46
Espanha,2012,1163449.0,4990764.0,4.29
Espanha,2013,1118037.0,4720071.0,4.22
Espanha,2014,1369029.0,6201387.0,4.53
Espanha,2015,1111236.0,4799847.0,4.32
Espanha,2016,1160836.0,4921483.0,4.24
Espanha,2017,1146032.0,5295850.0,4.62
Espanha,2018,998509.0,4500859.0,4.51
Espanha,2019,1120083.0,4906966.0,4.38
Espanha,2020,857769.0,3615835.0,4.22
Espanha,2021,1055028.0,4922537.0,4.67
Espanha,2022,1117186.0,5082524.0,4.55
Espanha,2023,1019693.0,5033026.0,4.94
Espanha,2024,920730.0,4860336.0,5.28
Espanha,2025,996948.0,5385950.0,5.4
Estados Federados da,2015,333.0,910.0,2.73
Estados Federados da,2018,2.0,0.0,
Estados Federados da,2022,1832.0,9595.0,5.24
Estados Federados da,2024,563.0,3420.0,6.08
Estados Federados da,2025,2660.0,18462.0,6.94
Estados Unidos,2006,4762214.0,36499053.0,7.66
Estados Unidos,2007,4718563.0,32561567.0,6.9
Estados Unidos,2008,4345794.0,27302677.0,6.28
Estados Unidos,2009,3764138.0,24072726.0,6.4
Estados Unidos,2010,3967644.0,26493925.0,6.68
Estados Unidos,2011,4355995.0,29554917.0,6.78
Estados Unidos,2012,4418889.0,31083226.0,7.03
Estados Unidos,2013,4488090.0,33484628.0,7.46
Estados Unidos,2014,4921800.0,36453393.0,7.41
Estados Unidos,2015,4853411.0,37670178.0,7.76
Estados Unidos,2016,4876150.0,39676038.0,8.14
Estados Unidos,2017,4538372.0,37793251.0,8.33
Estados Unidos,2018,4600928.0,39009605.0,8.48
Estados Unidos,2019,4730717.0,42267868.0,8.93
Estados Unidos,2020,4562371.0,37877198.0,8.3
Estados Unidos,2021,5401950.0,46637479.0,8.63
Estados Unidos,2022,4693458.0,45071666.0,9.6
Estados Unidos,2023,3971681.0,38763995.0,9.76
Estados Unidos,2024,4175362.0,41756740.0,10.0
Estados Unidos,2025,3960829.0,37806853.0,9.55
Estónia,2006,14364.0,86757.0,6.04
Estónia,2007,17028.0,172778.0,10.15
Estónia,2008,14830.0,92277.0,6.22
Estónia,2009,11433.0,79235.0,6.93
Estónia,2010,17643.0,115621.0,6.55
Estónia,2011,30096.0,185150.0,6.15
Estónia,2012,25249.0,160146.0,6.34
Estónia,2013,23609.0,160446.0,6.8
Estónia,2014,36064.0,232045.0,6.43
Estónia,2015,31888.0,200832.0,6.3
Estónia,2016,42335.0,264476.0,6.25
Estónia,2017,63123.0,328604.0,5.21
Estónia,2018,41223.0,235129.0,5.7
Estónia,2019,43228.0,249537.0,5.77
Estónia,2020,47734.0,247055.0,5.18
Estónia,2021,33201.0,200342.0,6.03
Estónia,2022,55596.0,339013.0,6.1
Estónia,2023,51311.0,407211.0,7.94
Estónia,2024,39638.0,313576.0,7.91
Estónia,2025,38959.0,323488.0,8.3
Etiópia,2024,428.0,2613.0,6.11
Etiópia,2025,4028.0,26658.0,6.62
Fiji,2009,882.0,5112.0,5.8
Fiji,2014,401.0,6688.0,16.7
Fiji,2016,9.0,0.0,
Fiji,2017,360.0,5154.0,14.32
Fiji,2018,180.0,1709.0,9.49
Fiji,2023,230.0,4669.0,20.27
Fiji,2025,346.0,8263.0,23.91
Filipinas,2006,1553.0,9269.0,5.97
Filipinas,2007,410.0,2364.0,5.77
Filipinas,2008,4154.0,31107.0,7.49
Filipinas,2009,4850.0,20481.0,4.22
Filipinas,2010,5573.0,27903.0,5.01
Filipinas,2011,6639.0,31142.0,4.69
Filipinas,2012,5185.0,26524.0,5.12
Filipinas,2013,7189.0,43703.0,6.08
Filipinas,2014,11028.0,69119.0,6.27
Filipinas,2015,3399.0,18867.0,5.55
Filipinas,2016,7520.0,52742.0,7.01
Filipinas,2017,4068.0,26110.0,6.42
Filipinas,2018,7204.0,52503.0,7.29
Filipinas,2019,4335.0,43846.0,10.11
Filipinas,2020,2208.0,27031.0,12.24
Filipinas,2021,3609.0,32988.0,9.14
Filipinas,2022,11417.0,102963.0,9.02
Filipinas,2023,13100.0,123376.0,9.42
Filipinas,2024,29401.0,197473.0,6.72
Filipinas,2025,6296.0,51944.0,8.25
Finlândia,2006,139544.0,989959.0,7.09
Finlândia,2007,152158.0,1140357.0,7.49
Finlândia,2008,170375.0,1132205.0,6.65
Finlândia,2009,178346.0,1060276.0,5.95
Finlândia,2010,179209.0,1155945.0,6.45
Finlândia,2011,196467.0,1283099.0,6.53
Finlândia,2012,181792.0,1291935.0,7.11
Finlândia,2013,164304.0,1230297.0,7.49
Finlândia,2014,163973.0,1193377.0,7.28
Finlândia,2015,143397.0,1074099.0,7.49
Finlândia,2016,191656.0,1349490.0,7.04
Finlândia,2017,202029.0,1305879.0,6.46
Finlândia,2018,172163.0,1105860.0,6.42
Finlândia,2019,200295.0,1284216.0,6.41
Finlândia,2020,167469.0,1025632.0,6.12
Finlândia,2021,198608.0,1357964.0,6.84
Finlândia,2022,173401.0,1252513.0,7.22
Finlândia,2023,140551.0,1045356.0,7.44
Finlândia,2024,124555.0,883881.0,7.1
Finlândia,2025,171920.0,1306928.0,7.6
França,2006,25528818.0,87141977.0,3.41
França,2007,25607853.0,89709009.0,3.5
França,2008,24999344.0,88633403.0,3.55
França,2009,24709706.0,87231070.0,3.53
França,2010,24480264.0,86004736.0,3.51
França,2011,23494425.0,81590214.0,3.47
França,2012,22975593.0,80082545.0,3.49
França,2013,22533749.0,81084139.0,3.6
França,2014,21659722.0,78312736.0,3.62
França,2015,21050943.0,77243984.0,3.67
França,2016,20790231.0,76196170.0,3.66
França,2017,19671551.0,73792769.0,3.75
França,2018,19069522.0,71954740.0,3.77
França,2019,18772171.0,71914831.0,3.83
França,2020,17650564.0,67290854.0,3.81
França,2021,18465847.0,71969483.0,3.9
França,2022,18570824.0,72471109.0,3.9
França,2023,15759124.0,65338810.0,4.15
França,2024,15564226.0,65456121.0,4.21
França,2025,15305407.0,65983472.0,4.31
Gabão,2013,234.0,1687.0,7.21
Gabão,2015,320.0,6540.0,20.47
Gabão,2016,12.0,54.0,4.47
Gabão,2017,104.0,2844.0,27.48
Gana,2006,2048.0,4969.0,2.43
Gana,2007,900.0,2760.0,3.07
Gana,2008,450.0,2730.0,6.07
Gana,2009,338.0,1871.0,5.54
Gana,2010,1728.0,15990.0,9.25
Gana,2011,392.0,3236.0,8.27
Gana,2012,270.0,5665.0,20.98
Gana,2013,360.0,2196.0,6.1
Gana,2015,23.0,48.0,2.15
Gana,2019,275.0,1300.0,4.73
Gana,2020,998.0,2562.0,2.57
Gana,2021,1310.0,8513.0,6.5
Gana,2023,1283.0,10515.0,8.2
Gana,2024,17892.0,61455.0,3.43
Gana,2025,3006.0,14085.0,4.69
Geórgia,2019,252.0,1339.0,5.31
Geórgia,2020,488.0,4122.0,8.44
Geórgia,2021,794.0,6238.0,7.86
Geórgia,2022,254.0,4753.0,18.69
Geórgia,2023,1224.0,13128.0,10.73
Geórgia,2024,2319.0,19713.0,8.5
Geórgia,2025,2804.0,21646.0,7.72
Gibraltar,2006,5030.0,33635.0,6.69
Gibraltar,2007,5116.0,36651.0,7.16
Gibraltar,2008,5264.0,30731.0,5.84
Gibraltar,2009,4712.0,28780.0,6.11
Gibraltar,2010,4024.0,24250.0,6.03
Gibraltar,2011,2255.0,13657.0,6.06
Gibraltar,2012,3762.0,22968.0,6.11
Gibraltar,2013,2561.0,17225.0,6.73
Gibraltar,2014,4338.0,28250.0,6.51
Gibraltar,2015,4545.0,32354.0,7.12
Gibraltar,2016,4320.0,27810.0,6.44
Gibraltar,2017,4284.0,28310.0,6.61
Gibraltar,2018,3155.0,21845.0,6.93
Gibraltar,2019,4565.0,28949.0,6.34
Gibraltar,2020,1960.0,15855.0,8.09
Gibraltar,2021,2349.0,18046.0,7.68
Gibraltar,2022,2945.0,22991.0,7.81
Gibraltar,2023,2853.0,24029.0,8.42
Gibraltar,2024,2718.0,22648.0,8.33
Gibraltar,2025,2952.0,21575.0,7.31
Granada,2006,276.0,1284.0,4.65
Granada,2008,504.0,952.0,1.89
Gronelândia,2010,185.0,5933.0,32.03
Gronelândia,2015,83.0,2599.0,31.22
Grécia,2006,83965.0,586136.0,6.98
Grécia,2007,96444.0,645467.0,6.69
Grécia,2008,76752.0,512374.0,6.68
Grécia,2009,53123.0,349822.0,6.59
Grécia,2010,39614.0,246908.0,6.23
Grécia,2011,41717.0,238715.0,5.72
Grécia,2012,14747.0,95519.0,6.48
Grécia,2013,16560.0,107743.0,6.51
Grécia,2014,23516.0,158142.0,6.72
Grécia,2015,24797.0,172245.0,6.95
Grécia,2016,14286.0,93362.0,6.54
Grécia,2017,27027.0,176397.0,6.53
Grécia,2018,20608.0,147553.0,7.16
Grécia,2019,20972.0,147758.0,7.05
Grécia,2020,10944.0,79418.0,7.26
Grécia,2021,14877.0,115421.0,7.76
Grécia,2022,23688.0,195285.0,8.24
Grécia,2023,21685.0,167492.0,7.72
Grécia,2024,19127.0,150385.0,7.86
Grécia,2025,22004.0,154631.0,7.03
Guadeloupe,2006,363.0,4817.0,13.27
Guadeloupe,2007,2232.0,15051.0,6.74
Guadeloupe,2008,516.0,6914.0,13.4
Guadeloupe,2009,480.0,5882.0,12.25
Guadeloupe,2010,1446.0,15841.0,10.96
Guadeloupe,2011,321.0,4204.0,13.1
Guadeloupe,2013,1515.0,13102.0,8.65
Guadeloupe,2014,513.0,7195.0,14.03
Guadeloupe,2015,1332.0,14845.0,11.15
Guadeloupe,2016,432.0,4609.0,10.67
Guadeloupe,2017,579.0,9046.0,15.62
Guadeloupe,2018,453.0,5468.0,12.07
Guadeloupe,2019,504.0,4738.0,9.4
Guadeloupe,2020,810.0,10039.0,12.39
Guadeloupe,2021,836.0,9912.0,11.86
Guadeloupe,2022,741.0,9370.0,12.64
Guadeloupe,2023,1114.0,18242.0,16.37
Guadeloupe,2024,720.0,5717.0,7.94
Guadeloupe,2025,815.0,7354.0,9.03
Guame,2017,432.0,2102.0,4.86
Guame,2018,144.0,964.0,6.7
Guame,2019,2790.0,22231.0,7.97
Guame,2020,225.0,3400.0,15.11
Guame,2022,1080.0,9645.0,8.93
Guame,2024,1373.0,14553.0,10.6
Guatemala,2006,1080.0,5640.0,5.22
Guatemala,2007,7245.0,14358.0,1.98
Guatemala,2008,401.0,1736.0,4.33
Guatemala,2009,450.0,2491.0,5.54
Guatemala,2010,3713.0,16231.0,4.37
Guatemala,2011,3038.0,12181.0,4.01
Guatemala,2012,2138.0,9348.0,4.37
Guatemala,2013,3213.0,15321.0,4.77
Guatemala,2014,2511.0,12076.0,4.81
Guatemala,2015,2826.0,15696.0,5.55
Guatemala,2016,5990.0,22926.0,3.83
Guatemala,2017,5099.0,23104.0,4.53
Guatemala,2018,3749.0,19218.0,5.13
Guatemala,2019,2646.0,10727.0,4.05
Guatemala,2020,1823.0,8784.0,4.82
Guatemala,2021,3906.0,21450.0,5.49
Guatemala,2022,3020.0,14651.0,4.85
Guatemala,2023,1440.0,9456.0,6.57
Guatemala,2024,1245.0,9711.0,7.8
Guatemala,2025,3166.0,17558.0,5.55
Guiana-Francesa,2014,864.0,3446.0,3.99
Guiné,2017,911.0,3260.0,3.58
Guiné,2018,572.0,2784.0,4.87
Guiné,2019,396.0,1432.0,3.62
Guiné,2020,45.0,220.0,4.89
Guiné Equatorial,2007,315.0,1866.0,5.92
Guiné Equatorial,2008,27.0,62.0,2.28
Guiné Equatorial,2010,23.0,97.0,4.29
Guiné Equatorial,2011,153.0,954.0,6.23
Guiné Equatorial,2013,1805.0,8011.0,4.44
Guiné Equatorial,2014,2295.0,7313.0,3.19
Guiné Equatorial,2016,99.0,537.0,5.42
Guiné-Bissau,2006,293.0,1144.0,3.91
Guiné-Bissau,2007,16674.0,25140.0,1.51
Guiné-Bissau,2008,383.0,1984.0,5.19
Guiné-Bissau,2009,23702.0,16613.0,0.7
Guiné-Bissau,2010,3060.0,11714.0,3.83
Guiné-Bissau,2011,1490.0,11216.0,7.53
Guiné-Bissau,2012,270.0,4140.0,15.33
Guiné-Bissau,2013,1706.0,11539.0,6.77
Guiné-Bissau,2014,6822.0,13292.0,1.95
Guiné-Bissau,2015,8402.0,14370.0,1.71
Guiné-Bissau,2016,488.0,4188.0,8.58
Guiné-Bissau,2017,2228.0,7985.0,3.58
Guiné-Bissau,2018,1859.0,8546.0,4.6
Guiné-Bissau,2019,1917.0,9195.0,4.8
Guiné-Bissau,2020,464.0,3298.0,7.11
Guiné-Bissau,2021,1319.0,5632.0,4.27
Guiné-Bissau,2022,5148.0,23803.0,4.62
Guiné-Bissau,2023,1107.0,5350.0,4.83
Guiné-Bissau,2024,783.0,4172.0,5.33
Guiné-Bissau,2025,518.0,2387.0,4.61
Gâmbia,2017,113.0,780.0,6.93
Gâmbia,2020,3240.0,26914.0,8.31
Gâmbia,2021,2363.0,21479.0,9.09
Haiti,2008,900.0,6485.0,7.21
Haiti,2010,576.0,6793.0,11.79
Haiti,2013,72.0,348.0,4.83
Haiti,2014,432.0,2088.0,4.83
Haiti,2016,216.0,1214.0,5.62
Haiti,2017,218.0,1242.0,5.71
Honduras,2009,540.0,2664.0,4.93
Honduras,2011,540.0,2105.0,3.9
Honduras,2012,630.0,2798.0,4.44
Honduras,2020,90.0,509.0,5.66
Honduras,2021,45.0,238.0,5.3
Honduras,2022,45.0,247.0,5.49
Honduras,2023,270.0,1797.0,6.66
Hong Kong,2006,56578.0,392592.0,6.94
Hong Kong,2007,63248.0,457530.0,7.23
Hong Kong,2008,67697.0,543419.0,8.03
Hong Kong,2009,61531.0,484887.0,7.88
Hong Kong,2010,105138.0,955951.0,9.09
Hong Kong,2011,115557.0,1110428.0,9.61
Hong Kong,2012,68557.0,662691.0,9.67
Hong Kong,2013,96940.0,1090988.0,11.25
Hong Kong,2014,75705.0,1134173.0,14.98
Hong Kong,2015,98118.0,784109.0,7.99
Hong Kong,2016,85176.0,815394.0,9.57
Hong Kong,2017,56342.0,725379.0,12.87
Hong Kong,2018,65670.0,818257.0,12.46
Hong Kong,2019,62562.0,661474.0,10.57
Hong Kong,2020,39711.0,435709.0,10.97
Hong Kong,2021,51468.0,586963.0,11.4
Hong Kong,2022,42669.0,530561.0,12.43
Hong Kong,2023,40637.0,425090.0,10.46
Hong Kong,2024,34891.0,333329.0,9.55
Hong Kong,2025,39621.0,391484.0,9.88
Hungria,2006,34121.0,163373.0,4.79
Hungria,2007,40432.0,186556.0,4.61
Hungria,2008,30766.0,151075.0,4.91
Hungria,2009,17493.0,96067.0,5.49
Hungria,2010,16295.0,82639.0,5.07
Hungria,2011,29261.0,148354.0,5.07
Hungria,2012,7079.0,35751.0,5.05
Hungria,2013,16223.0,69899.0,4.31
Hungria,2014,7895.0,43819.0,5.55
Hungria,2015,13335.0,70392.0,5.28
Hungria,2016,6584.0,54028.0,8.21
Hungria,2017,7587.0,56198.0,7.41
Hungria,2018,7064.0,50349.0,7.13
Hungria,2019,12745.0,82402.0,6.47
Hungria,2020,11691.0,66251.0,5.67
Hungria,2021,22344.0,116871.0,5.23
Hungria,2022,13149.0,91274.0,6.94
Hungria,2023,21583.0,136013.0,6.3
Hungria,2024,39790.0,199745.0,5.02
Hungria,2025,36275.0,186833.0,5.15
Ilha Reunião,2009,506.0,3943.0,7.8
Ilha Reunião,2014,207.0,2202.0,10.64
Ilha Reunião,2015,288.0,1691.0,5.87
Ilha Reunião,2016,891.0,3897.0,4.37
Ilha Reunião,2017,446.0,2014.0,4.52
Ilha Reunião,2020,374.0,3465.0,9.28
Ilhas Caimão,2006,5031.0,44932.0,8.93
Ilhas Caimão,2007,3141.0,40492.0,12.89
Ilhas Caimão,2008,4374.0,24403.0,5.58
Ilhas Caimão,2009,3569.0,26722.0,7.49
Ilhas Caimão,2010,4172.0,22874.0,5.48
Ilhas Caimão,2011,3881.0,32845.0,8.46
Ilhas Caimão,2012,2169.0,11618.0,5.36
Ilhas Caimão,2013,4878.0,39976.0,8.2
Ilhas Caimão,2014,5930.0,41549.0,7.01
Ilhas Caimão,2015,2729.0,31177.0,11.43
Ilhas Caimão,2016,2328.0,24975.0,10.73
Ilhas Caimão,2017,1633.0,19197.0,11.76
Ilhas Caimão,2018,4153.0,45740.0,11.01
Ilhas Caimão,2019,2587.0,31162.0,12.05
Ilhas Caimão,2020,3324.0,46596.0,14.02
Ilhas Caimão,2021,3985.0,47969.0,12.04
Ilhas Caimão,2022,5037.0,76812.0,15.25
Ilhas Caimão,2023,2102.0,31701.0,15.08
Ilhas Caimão,2024,3416.0,46293.0,13.55
Ilhas Caimão,2025,4149.0,50515.0,12.18
Ilhas Marianas do No,2017,279.0,3191.0,11.44
Ilhas Marianas do No,2019,1100.0,14272.0,12.97
Ilhas Turcas e Caico,2017,203.0,2893.0,14.29
Ilhas Turcas e Caico,2018,315.0,2625.0,8.33
Ilhas Turcas e Caico,2020,450.0,2000.0,4.44
Ilhas Turcas e Caico,2021,1409.0,14992.0,10.64
Ilhas Turcas e Caico,2022,1103.0,9658.0,8.76
Ilhas Turcas e Caico,2023,986.0,10448.0,10.6
Ilhas Turcas e Caico,2024,293.0,4574.0,15.64
Ilhas Turcas e Caico,2025,1184.0,7808.0,6.59
Ilhas Virgens Britân,2006,288.0,1359.0,4.72
Ilhas Virgens Britân,2013,362.0,6541.0,18.09
Ilhas Virgens Britân,2014,95.0,272.0,2.88
Ilhas Virgens Britân,2016,441.0,4702.0,10.66
Ilhas Virgens Britân,2021,1042.0,15536.0,14.91
Ilhas Virgens Britân,2023,167.0,2231.0,13.4
Ilhas Virgens Britân,2025,144.0,1206.0,8.38
Ilhas Virgens dos Es,2006,1755.0,14993.0,8.54
Ilhas Virgens dos Es,2007,14649.0,65689.0,4.48
Indias Ocidentais,2009,9.0,6.0,0.67
Indonésia,2006,653.0,8204.0,12.57
Indonésia,2008,1305.0,14708.0,11.27
Indonésia,2010,1764.0,7410.0,4.2
Indonésia,2011,3815.0,16801.0,4.4
Indonésia,2012,1528.0,6406.0,4.19
Indonésia,2014,741.0,9218.0,12.44
Indonésia,2016,23.0,89.0,3.95
Indonésia,2017,5724.0,44157.0,7.71
Indonésia,2018,16970.0,107172.0,6.32
Indonésia,2021,63726.0,478538.0,7.51
Indonésia,2022,99195.0,785258.0,7.92
Indonésia,2023,109979.0,941274.0,8.56
Indonésia,2024,69501.0,615292.0,8.85
Indonésia,2025,73706.0,620080.0,8.41
Irlanda,2006,419126.0,2841666.0,6.78
Irlanda,2007,336864.0,2248248.0,6.67
Irlanda,2008,355121.0,2386255.0,6.72
Irlanda,2009,320053.0,2024797.0,6.33
Irlanda,2010,339296.0,2191596.0,6.46
Irlanda,2011,356945.0,2287328.0,6.41
Irlanda,2012,318022.0,1871955.0,5.89
Irlanda,2013,247742.0,1566593.0,6.32
Irlanda,2014,223506.0,1438665.0,6.44
Irlanda,2015,288238.0,1851137.0,6.42
Irlanda,2016,308052.0,1937208.0,6.29
Irlanda,2017,257101.0,1650270.0,6.42
Irlanda,2018,313504.0,1813585.0,5.78
Irlanda,2019,299581.0,1768457.0,5.9
Irlanda,2020,299906.0,1581397.0,5.27
Irlanda,2021,489877.0,2685785.0,5.48
Irlanda,2022,375043.0,2109821.0,5.63
Irlanda,2023,425980.0,2672676.0,6.27
Irlanda,2024,455052.0,2937290.0,6.45
Irlanda,2025,374249.0,2452738.0,6.55
Islândia,2006,21089.0,149356.0,7.08
Islândia,2007,22408.0,179511.0,8.01
Islândia,2008,15669.0,117930.0,7.53
Islândia,2009,16286.0,89672.0,5.51
Islândia,2010,10929.0,60905.0,5.57
Islândia,2011,25354.0,162364.0,6.4
Islândia,2012,26882.0,156575.0,5.82
Islândia,2013,24299.0,161587.0,6.65
Islândia,2014,20312.0,125421.0,6.17
Islândia,2015,27337.0,196518.0,7.19
Islândia,2016,21404.0,154298.0,7.21
Islândia,2017,35523.0,280421.0,7.89
Islândia,2018,19381.0,174280.0,8.99
Islândia,2019,19764.0,162468.0,8.22
Islândia,2020,17623.0,140280.0,7.96
Islândia,2021,33258.0,280316.0,8.43
Islândia,2022,23175.0,237364.0,10.24
Islândia,2023,24019.0,246956.0,10.28
Islândia,2024,28105.0,289016.0,10.28
Islândia,2025,21556.0,203237.0,9.43
Israel,2006,8179.0,50235.0,6.14
Israel,2007,5162.0,28738.0,5.57
Israel,2008,6224.0,35738.0,5.74
Israel,2009,9371.0,52281.0,5.58
Israel,2010,3476.0,31826.0,9.16
Israel,2011,6665.0,43341.0,6.5
Israel,2012,9116.0,56403.0,6.19
Israel,2013,8331.0,54369.0,6.53
Israel,2014,10577.0,81833.0,7.74
Israel,2015,19305.0,130990.0,6.79
Israel,2016,22935.0,134535.0,5.87
Israel,2017,31133.0,199098.0,6.4
Israel,2018,33818.0,204186.0,6.04
Israel,2019,34756.0,221679.0,6.38
Israel,2020,41853.0,289361.0,6.91
Israel,2021,65225.0,433918.0,6.65
Israel,2022,83168.0,550222.0,6.62
Israel,2023,74501.0,445085.0,5.97
Israel,2024,89370.0,495530.0,5.54
Israel,2025,81223.0,430936.0,5.31
Itália,2006,868859.0,4120878.0,4.74
Itália,2007,765463.0,3957355.0,5.17
Itália,2008,694079.0,3302810.0,4.76
Itália,2009,611014.0,2866952.0,4.69
Itália,2010,644811.0,3031886.0,4.7
Itália,2011,595815.0,2762550.0,4.64
Itália,2012,520195.0,2393796.0,4.6
Itália,2013,570093.0,2730339.0,4.79
Itália,2014,583631.0,2896519.0,4.96
Itália,2015,531020.0,2705808.0,5.1
Itália,2016,553005.0,2786575.0,5.04
Itália,2017,505128.0,2670247.0,5.29
Itália,2018,536098.0,2795864.0,5.22
Itália,2019,566129.0,2974558.0,5.25
Itália,2020,530049.0,2728178.0,5.15
Itália,2021,692226.0,3644138.0,5.26
Itália,2022,633537.0,3359298.0,5.3
Itália,2023,655796.0,3484137.0,5.31
Itália,2024,575542.0,3091693.0,5.37
Itália,2025,645749.0,3591360.0,5.56
Jamaica,2007,3150.0,22158.0,7.03
Jamaica,2010,891.0,10131.0,11.37
Jamaica,2022,72.0,328.0,4.56
Jamaica,2023,108.0,618.0,5.72
Japão,2006,210151.0,1696601.0,8.07
Japão,2007,277189.0,1937323.0,6.99
Japão,2008,278429.0,1799061.0,6.46
Japão,2009,251464.0,1702234.0,6.77
Japão,2010,247057.0,1788930.0,7.24
Japão,2011,287231.0,2174625.0,7.57
Japão,2012,291953.0,2229894.0,7.64
Japão,2013,274182.0,1791236.0,6.53
Japão,2014,257678.0,1648956.0,6.4
Japão,2015,257100.0,1709598.0,6.65
Japão,2016,272637.0,1865159.0,6.84
Japão,2017,219621.0,1197712.0,5.45
Japão,2018,194992.0,1106986.0,5.68
Japão,2019,196949.0,1215301.0,6.17
Japão,2020,127555.0,798193.0,6.26
Japão,2021,119859.0,739813.0,6.17
Japão,2022,195864.0,1372238.0,7.01
Japão,2023,169328.0,1092391.0,6.45
Japão,2024,153249.0,1043068.0,6.81
Japão,2025,139603.0,895886.0,6.42
Jibuti,2023,20.0,571.0,28.2
Jordânia,2009,797.0,5966.0,7.49
Jordânia,2011,99.0,2214.0,22.36
Jordânia,2013,684.0,4126.0,6.03
Jordânia,2015,63.0,669.0,10.62
Jordânia,2017,95.0,1690.0,17.88
Jordânia,2018,414.0,9147.0,22.09
Jordânia,2019,203.0,3250.0,16.05
Jordânia,2020,1.0,1.0,1.33
Jordânia,2021,743.0,7100.0,9.56
Jordânia,2022,1371.0,15377.0,11.22
Jordânia,2023,141.0,2118.0,15.02
Jordânia,2024,429.0,6074.0,14.16
Kosovo,2010,54.0,0.0,
Laos,2006,90.0,480.0,5.33
Laos,2007,342.0,2629.0,7.69
Laos,2008,90.0,494.0,5.49
Laos,2009,90.0,509.0,5.66
Laos,2011,90.0,510.0,5.67
Laos,2012,90.0,536.0,5.96
Laos,2014,90.0,548.0,6.08
Laos,2016,90.0,566.0,6.29
Laos,2017,90.0,450.0,5.0
Letónia,2006,34182.0,140016.0,4.1
Letónia,2007,42080.0,166385.0,3.95
Letónia,2008,51800.0,271417.0,5.24
Letónia,2009,17116.0,90424.0,5.28
Letónia,2010,71695.0,326360.0,4.55
Letónia,2011,112643.0,538441.0,4.78
Letónia,2012,65737.0,419100.0,6.38
Letónia,2013,78942.0,485263.0,6.15
Letónia,2014,65531.0,462721.0,7.06
Letónia,2015,24227.0,188856.0,7.8
Letónia,2016,43953.0,241672.0,5.5
Letónia,2017,52965.0,308107.0,5.82
Letónia,2018,59382.0,331684.0,5.59
Letónia,2019,116285.0,702324.0,6.04
Letónia,2020,239651.0,1210837.0,5.05
Letónia,2021,238811.0,1285609.0,5.38
Letónia,2022,206803.0,1390385.0,6.72
Letónia,2023,207449.0,1133773.0,5.47
Letónia,2024,145548.0,920072.0,6.32
Letónia,2025,155514.0,1016583.0,6.54
Listenstaine,2006,1158.0,12308.0,10.63
Listenstaine,2007,1194.0,12944.0,10.84
Listenstaine,2008,2145.0,17696.0,8.25
Listenstaine,2009,1455.0,13800.0,9.48
Listenstaine,2010,3540.0,34360.0,9.71
Listenstaine,2011,7325.0,81328.0,11.1
Listenstaine,2012,4281.0,34585.0,8.08
Listenstaine,2013,6430.0,72503.0,11.28
Listenstaine,2014,6564.0,63929.0,9.74
Listenstaine,2015,6560.0,73148.0,11.15
Listenstaine,2016,2947.0,38474.0,13.06
Listenstaine,2017,4842.0,53829.0,11.12
Listenstaine,2018,1120.0,19992.0,17.85
Listenstaine,2019,4237.0,57373.0,13.54
Listenstaine,2020,1424.0,21196.0,14.89
Listenstaine,2021,1683.0,17257.0,10.25
Listenstaine,2022,7807.0,94790.0,12.14
Listenstaine,2023,3874.0,61248.0,15.81
Listenstaine,2024,1401.0,18643.0,13.31
Listenstaine,2025,1746.0,21392.0,12.25
Lituânia,2006,9482.0,36113.0,3.81
Lituânia,2007,11543.0,48059.0,4.16
Lituânia,2008,16664.0,70644.0,4.24
Lituânia,2009,4788.0,33233.0,6.94
Lituânia,2010,7973.0,42844.0,5.37
Lituânia,2011,29208.0,120411.0,4.12
Lituânia,2012,60576.0,259966.0,4.29
Lituânia,2013,61469.0,252666.0,4.11
Lituânia,2014,70591.0,297952.0,4.22
Lituânia,2015,62708.0,280222.0,4.47
Lituânia,2016,71346.0,261118.0,3.66
Lituânia,2017,76762.0,348064.0,4.53
Lituânia,2018,180340.0,714205.0,3.96
Lituânia,2019,87498.0,423073.0,4.84
Lituânia,2020,117229.0,538941.0,4.6
Lituânia,2021,105619.0,545913.0,5.17
Lituânia,2022,148442.0,725247.0,4.89
Lituânia,2023,180484.0,886166.0,4.91
Lituânia,2024,138388.0,720594.0,5.21
Lituânia,2025,148061.0,725956.0,4.9
Loja Franca,2006,30683.0,236732.0,7.72
Loja Franca,2007,3177.0,24890.0,7.83
Loja Franca,2008,2738.0,8971.0,3.28
Loja Franca,2009,1346.0,5157.0,3.83
Loja Franca,2010,824.0,5300.0,6.44
Loja Franca,2011,9452.0,34997.0,3.7
Loja Franca,2012,99833.0,282096.0,2.83
Loja Franca,2013,2250.0,12170.0,5.41
Loja Franca,2014,2673.0,27176.0,10.17
Loja Franca,2015,12234.0,63157.0,5.16
Loja Franca,2016,17643.0,109058.0,6.18
Loja Franca,2017,31364.0,172445.0,5.5
Loja Franca,2018,41712.0,258841.0,6.21
Loja Franca,2019,29302.0,131189.0,4.48
Loja Franca,2020,25171.0,109365.0,4.34
Loja Franca,2021,22204.0,100799.0,4.54
Loja Franca,2022,31911.0,136401.0,4.27
Loja Franca,2023,35505.0,174104.0,4.9
Loja Franca,2024,36959.0,176984.0,4.79
Loja Franca,2025,41214.0,206502.0,5.01
Luxemburgo,2006,373215.0,1528083.0,4.09
Luxemburgo,2007,388062.0,1455330.0,3.75
Luxemburgo,2008,426687.0,1575220.0,3.69
Luxemburgo,2009,400534.0,1597388.0,3.99
Luxemburgo,2010,428113.0,1843266.0,4.31
Luxemburgo,2011,412247.0,1653258.0,4.01
Luxemburgo,2012,385275.0,1712926.0,4.45
Luxemburgo,2013,331816.0,1674366.0,5.05
Luxemburgo,2014,381888.0,1927268.0,5.05
Luxemburgo,2015,395175.0,1978438.0,5.01
Luxemburgo,2016,436881.0,2220381.0,5.08
Luxemburgo,2017,451673.0,2403797.0,5.32
Luxemburgo,2018,420637.0,2270676.0,5.4
Luxemburgo,2019,362870.0,2141879.0,5.9
Luxemburgo,2020,343870.0,2138167.0,6.22
Luxemburgo,2021,358269.0,2449160.0,6.84
Luxemburgo,2022,313626.0,2346046.0,7.48
Luxemburgo,2023,275141.0,1958781.0,7.12
Luxemburgo,2024,251153.0,1972016.0,7.85
Luxemburgo,2025,246089.0,1950470.0,7.93
Líbano,2006,180.0,3832.0,21.29
Líbano,2007,689.0,9329.0,13.55
Líbano,2008,941.0,16119.0,17.14
Líbano,2009,1007.0,11856.0,11.78
Líbano,2010,108.0,3193.0,29.56
Líbano,2011,386.0,12690.0,32.85
Líbano,2012,948.0,6510.0,6.87
Líbano,2013,311.0,3477.0,11.2
Líbano,2014,1029.0,16434.0,15.97
Líbano,2015,2756.0,32277.0,11.71
Líbano,2016,1170.0,5070.0,4.33
Líbano,2017,4714.0,35846.0,7.6
Líbano,2018,168.0,2323.0,13.83
Líbano,2019,1187.0,8224.0,6.93
Líbano,2022,10296.0,52166.0,5.07
Líbano,2023,110.0,1813.0,16.56
Líbano,2025,663.0,16022.0,24.17
Macau,2006,102295.0,672518.0,6.57
Macau,2007,151621.0,961252.0,6.34
Macau,2008,174651.0,914771.0,5.24
Macau,2009,115092.0,820216.0,7.13
Macau,2010,174584.0,1316237.0,7.54
Macau,2011,155992.0,1137440.0,7.29
Macau,2012,182434.0,1766762.0,9.68
Macau,2013,133368.0,1722767.0,12.92
Macau,2014,140250.0,1892265.0,13.49
Macau,2015,176035.0,1332401.0,7.57
Macau,2016,146286.0,1679522.0,11.48
Macau,2017,156357.0,1446483.0,9.25
Macau,2018,143630.0,1401094.0,9.75
Macau,2019,139507.0,1395019.0,10.0
Macau,2020,103232.0,963604.0,9.33
Macau,2021,110398.0,1021388.0,9.25
Macau,2022,80232.0,777943.0,9.7
Macau,2023,85473.0,962585.0,11.26
Macau,2024,102597.0,1157040.0,11.28
Macau,2025,115337.0,1276396.0,11.07
Macedónia,2006,432.0,2257.0,5.22
Macedónia,2009,1008.0,6096.0,6.05
Macedónia,2010,90.0,359.0,3.99
Macedónia,2012,366.0,1393.0,3.81
Macedónia,2022,450.0,2911.0,6.47
Macedónia,2023,387.0,3864.0,9.98
Macedónia,2025,383.0,3536.0,9.24
Madagáscar,2006,216.0,1086.0,5.03
Madagáscar,2009,450.0,2536.0,5.64
Madagáscar,2010,65.0,462.0,7.08
Madagáscar,2012,6606.0,18496.0,2.8
Maiote,2008,180.0,628.0,3.49
Maldivas,2007,68.0,511.0,7.57
Maldivas,2009,840.0,4020.0,4.79
Maldivas,2010,1260.0,4093.0,3.25
Maldivas,2012,1639.0,12130.0,7.4
Maldivas,2013,450.0,3196.0,7.1
Maldivas,2014,1121.0,9153.0,8.17
Maldivas,2015,1224.0,9415.0,7.69
Maldivas,2016,792.0,5242.0,6.62
Maldivas,2017,1364.0,7160.0,5.25
Maldivas,2018,693.0,3384.0,4.88
Maldivas,2019,815.0,4861.0,5.97
Maldivas,2020,356.0,2437.0,6.86
Maldivas,2021,3020.0,18168.0,6.02
Maldivas,2022,378.0,3804.0,10.06
Maldivas,2023,423.0,3943.0,9.32
Maldivas,2024,918.0,7388.0,8.05
Maldivas,2025,1215.0,11610.0,9.56
Mali,2012,1800.0,8400.0,4.67
Malta,2006,26099.0,146127.0,5.6
Malta,2007,19125.0,113135.0,5.92
Malta,2008,18912.0,116701.0,6.17
Malta,2009,12504.0,75083.0,6.0
Malta,2010,15643.0,103622.0,6.62
Malta,2011,19553.0,101825.0,5.21
Malta,2012,17106.0,101448.0,5.93
Malta,2013,17352.0,113216.0,6.52
Malta,2014,16899.0,96547.0,5.71
Malta,2015,24055.0,148229.0,6.16
Malta,2016,22070.0,145250.0,6.58
Malta,2017,19271.0,133883.0,6.95
Malta,2018,20149.0,134228.0,6.66
Malta,2019,25549.0,192688.0,7.54
Malta,2020,26243.0,171507.0,6.54
Malta,2021,32540.0,258721.0,7.95
Malta,2022,35390.0,247953.0,7.01
Malta,2023,28195.0,208307.0,7.39
Malta,2024,24894.0,197853.0,7.95
Malta,2025,25125.0,199140.0,7.93
Malásia,2006,18160.0,123056.0,6.78
Malásia,2007,11547.0,80298.0,6.95
Malásia,2008,5531.0,53436.0,9.66
Malásia,2009,7037.0,54633.0,7.76
Malásia,2010,9380.0,64426.0,6.87
Malásia,2011,9930.0,79202.0,7.98
Malásia,2012,10467.0,73462.0,7.02
Malásia,2013,8114.0,60646.0,7.47
Malásia,2014,8310.0,71572.0,8.61
Malásia,2015,8834.0,64971.0,7.36
Malásia,2016,6633.0,48817.0,7.36
Malásia,2017,9303.0,74747.0,8.03
Malásia,2018,11464.0,115565.0,10.08
Malásia,2019,8253.0,75885.0,9.19
Malásia,2020,17929.0,139818.0,7.8
Malásia,2021,20120.0,148174.0,7.36
Malásia,2022,21044.0,164510.0,7.82
Malásia,2023,16918.0,153994.0,9.1
Malásia,2024,15742.0,177008.0,11.24
Malásia,2025,14443.0,123441.0,8.55
Maláui,2015,252.0,7500.0,29.76
Maláui,2016,77.0,906.0,11.84
Maláui,2018,23.0,89.0,3.93
Maláui,2019,63.0,3255.0,51.67
Marrocos,2006,5265.0,21033.0,3.99
Marrocos,2007,8280.0,35176.0,4.25
Marrocos,2008,11007.0,47410.0,4.31
Marrocos,2009,6750.0,26255.0,3.89
Marrocos,2010,6750.0,29501.0,4.37
Marrocos,2011,7484.0,30173.0,4.03
Marrocos,2012,1917.0,7583.0,3.96
Marrocos,2013,6192.0,25291.0,4.08
Marrocos,2014,5517.0,23266.0,4.22
Marrocos,2015,3213.0,13692.0,4.26
Marrocos,2016,5135.0,23052.0,4.49
Marrocos,2017,5841.0,24475.0,4.19
Marrocos,2018,5184.0,21834.0,4.21
Marrocos,2019,9870.0,42380.0,4.29
Marrocos,2020,3525.0,15687.0,4.45
Marrocos,2021,3227.0,14922.0,4.62
Marrocos,2022,3888.0,17669.0,4.54
Marrocos,2023,4113.0,22028.0,5.36
Marrocos,2024,6701.0,31675.0,4.73
Marrocos,2025,6219.0,29968.0,4.82
Martinica,2011,18.0,657.0,36.52
Martinica,2014,743.0,2749.0,3.7
Martinica,2015,9.0,34.0,3.73
Martinica,2024,369.0,2552.0,6.92
Martinica,2025,333.0,2984.0,8.96
Maurícia,2006,4143.0,13739.0,3.32
Maurícia,2008,527.0,4485.0,8.52
Maurícia,2010,252.0,2282.0,9.06
Maurícia,2012,18.0,679.0,37.71
Maurícia,2013,428.0,4041.0,9.45
Maurícia,2015,333.0,2390.0,7.18
Maurícia,2016,360.0,3782.0,10.51
Maurícia,2017,234.0,2315.0,9.89
Maurícia,2018,519.0,4928.0,9.5
Maurícia,2019,543.0,4269.0,7.86
Maurícia,2020,264.0,1766.0,6.69
Maurícia,2021,1451.0,15261.0,10.52
Maurícia,2022,1337.0,13718.0,10.26
Maurícia,2023,1547.0,21681.0,14.02
Maurícia,2024,1031.0,8264.0,8.02
Maurícia,2025,1215.0,11738.0,9.66
Mianmar,2019,1872.0,1220.0,0.65
Mongólia,2014,905.0,3300.0,3.65
Mongólia,2015,1350.0,5640.0,4.18
Mongólia,2019,248.0,5897.0,23.83
Mongólia,2021,359.0,3898.0,10.87
Mongólia,2024,330.0,5314.0,16.1
Mongólia,2025,734.0,3505.0,4.78
Montenegro,2015,59.0,0.0,
Montenegro,2024,516.0,6517.0,12.63
Moçambique,2006,12551.0,56641.0,4.51
Moçambique,2007,10631.0,40036.0,3.77
Moçambique,2008,13458.0,73544.0,5.46
Moçambique,2009,40507.0,193427.0,4.78
Moçambique,2010,35388.0,119549.0,3.38
Moçambique,2011,58831.0,276734.0,4.7
Moçambique,2012,97713.0,385899.0,3.95
Moçambique,2013,115458.0,444276.0,3.85
Moçambique,2014,205013.0,803080.0,3.92
Moçambique,2015,103550.0,512722.0,4.95
Moçambique,2016,123687.0,595144.0,4.81
Moçambique,2017,58178.0,236210.0,4.06
Moçambique,2018,117187.0,521846.0,4.45
Moçambique,2019,86282.0,356259.0,4.13
Moçambique,2020,87125.0,396635.0,4.55
Moçambique,2021,70169.0,394509.0,5.62
Moçambique,2022,80069.0,508476.0,6.35
Moçambique,2023,57347.0,390119.0,6.8
Moçambique,2024,42248.0,260782.0,6.17
Moçambique,2025,43796.0,283832.0,6.48
México,2006,150716.0,1032873.0,6.85
México,2007,124395.0,770137.0,6.19
México,2008,154527.0,778631.0,5.04
México,2009,104674.0,670254.0,6.4
México,2010,130755.0,779972.0,5.97
México,2011,128098.0,736408.0,5.75
México,2012,159382.0,898161.0,5.64
México,2013,157778.0,930206.0,5.9
México,2014,118211.0,753597.0,6.38
México,2015,152226.0,899024.0,5.91
México,2016,142425.0,935825.0,6.57
México,2017,193130.0,1091168.0,5.65
México,2018,92320.0,639607.0,6.93
México,2019,151940.0,819781.0,5.4
México,2020,102507.0,606526.0,5.92
México,2021,137356.0,768367.0,5.59
México,2022,205476.0,1444240.0,7.03
México,2023,125843.0,934013.0,7.42
México,2024,91009.0,682982.0,7.5
México,2025,160107.0,1073480.0,6.7
Namíbia,2006,2169.0,9376.0,4.32
Namíbia,2007,1170.0,4358.0,3.72
Namíbia,2008,4394.0,25454.0,5.79
Namíbia,2009,279.0,1066.0,3.82
Namíbia,2010,135.0,1053.0,7.8
Namíbia,2012,11076.0,74703.0,6.74
Namíbia,2014,2691.0,31208.0,11.6
Namíbia,2015,1997.0,9986.0,5.0
Namíbia,2016,1350.0,4380.0,3.24
Namíbia,2017,3945.0,26997.0,6.84
Namíbia,2018,45.0,210.0,4.67
Namíbia,2019,270.0,610.0,2.26
Namíbia,2020,225.0,855.0,3.8
Namíbia,2021,2664.0,14118.0,5.3
Namíbia,2022,693.0,3347.0,4.83
Namíbia,2023,785.0,7099.0,9.04
Namíbia,2024,738.0,6097.0,8.26
Namíbia,2025,774.0,6187.0,7.99
Nepal,2014,6000.0,42670.0,7.11
Nepal,2017,3563.0,25233.0,7.08
Nepal,2023,6801.0,40774.0,6.0
Nepal,2024,900.0,3000.0,3.33
Nicarágua,2022,1350.0,3366.0,2.49
Nigéria,2006,90.0,352.0,3.91
Nigéria,2012,1584.0,7206.0,4.55
Nigéria,2013,311.0,1434.0,4.62
Nigéria,2014,10125.0,34276.0,3.39
Nigéria,2015,3834.0,20635.0,5.38
Nigéria,2016,3408.0,7312.0,2.15
Nigéria,2017,2293.0,16650.0,7.26
Nigéria,2018,11030.0,60948.0,5.53
Nigéria,2019,6300.0,34530.0,5.48
Nigéria,2020,13883.0,76428.0,5.51
Nigéria,2021,20520.0,115320.0,5.62
Nigéria,2022,34844.0,198884.0,5.71
Nigéria,2023,4282.0,30178.0,7.05
Nigéria,2024,15646.0,118408.0,7.57
Nigéria,2025,51138.0,305854.0,5.98
Noruega,2006,649483.0,2200628.0,3.39
Noruega,2007,496823.0,2070544.0,4.17
Noruega,2008,417422.0,1709979.0,4.1
Noruega,2009,383245.0,1952094.0,5.09
Noruega,2010,404467.0,1618835.0,4.0
Noruega,2011,376151.0,1686861.0,4.48
Noruega,2012,436946.0,2007853.0,4.6
Noruega,2013,414447.0,2033495.0,4.91
Noruega,2014,420789.0,2102747.0,5.0
Noruega,2015,474392.0,2221281.0,4.68
Noruega,2016,534679.0,2657780.0,4.97
Noruega,2017,589725.0,2557013.0,4.34
Noruega,2018,684281.0,2735085.0,4.0
Noruega,2019,661393.0,3273849.0,4.95
Noruega,2020,929283.0,4572107.0,4.92
Noruega,2021,828660.0,4320888.0,5.21
Noruega,2022,733820.0,3857960.0,5.26
Noruega,2023,728095.0,3988403.0,5.48
Noruega,2024,706895.0,4458277.0,6.31
Noruega,2025,749203.0,4426618.0,5.91
Nova Caledónia,2006,117.0,510.0,4.36
Nova Caledónia,2007,135.0,573.0,4.24
Nova Caledónia,2008,90.0,421.0,4.68
Nova Caledónia,2010,86.0,1085.0,12.69
Nova Caledónia,2022,428.0,2755.0,6.44
Nova Zelândia,2006,93400.0,634238.0,6.79
Nova Zelândia,2007,152278.0,1000911.0,6.57
Nova Zelândia,2008,66396.0,450052.0,6.78
Nova Zelândia,2009,66250.0,475885.0,7.18
Nova Zelândia,2010,124164.0,823509.0,6.63
Nova Zelândia,2011,85532.0,535307.0,6.26
Nova Zelândia,2012,126397.0,856966.0,6.78
Nova Zelândia,2013,100563.0,685557.0,6.82
Nova Zelândia,2014,147762.0,1010140.0,6.84
Nova Zelândia,2015,102555.0,785427.0,7.66
Nova Zelândia,2016,103521.0,810271.0,7.83
Nova Zelândia,2017,90734.0,795441.0,8.77
Nova Zelândia,2018,123265.0,1072331.0,8.7
Nova Zelândia,2019,88606.0,737140.0,8.32
Nova Zelândia,2020,83256.0,732131.0,8.79
Nova Zelândia,2021,121392.0,1137879.0,9.37
Nova Zelândia,2022,129750.0,1135956.0,8.75
Nova Zelândia,2023,92075.0,813264.0,8.83
Nova Zelândia,2024,76458.0,719796.0,9.41
Nova Zelândia,2025,70772.0,623990.0,8.82
Níger,2022,9000.0,36000.0,4.0
Oceania Americana,2007,540.0,2141.0,3.96
Panamá,2006,90767.0,146016.0,1.61
Panamá,2007,85196.0,220630.0,2.59
Panamá,2008,90739.0,163979.0,1.81
Panamá,2009,74499.0,151599.0,2.03
Panamá,2010,80804.0,155459.0,1.92
Panamá,2011,35865.0,82431.0,2.3
Panamá,2012,28251.0,94822.0,3.36
Panamá,2013,2702.0,22364.0,8.28
Panamá,2014,2838.0,21943.0,7.73
Panamá,2015,144.0,385.0,2.67
Panamá,2016,9557.0,52168.0,5.46
Panamá,2017,3967.0,29658.0,7.48
Panamá,2018,2628.0,25640.0,9.76
Panamá,2019,2097.0,12935.0,6.17
Panamá,2020,2543.0,25356.0,9.97
Panamá,2021,3939.0,27263.0,6.92
Panamá,2022,3284.0,37549.0,11.44
Panamá,2023,4199.0,48800.0,11.62
Panamá,2024,2756.0,30061.0,10.91
Panamá,2025,3177.0,29696.0,9.35
Paquistão,2023,2480.0,18506.0,7.46
Paquistão,2024,16128.0,114900.0,7.12
Paquistão,2025,8933.0,63604.0,7.12
Paraguai,2006,13437.0,63176.0,4.7
Paraguai,2007,34196.0,162025.0,4.74
Paraguai,2008,27156.0,126250.0,4.65
Paraguai,2009,3429.0,17027.0,4.97
Paraguai,2010,33990.0,179658.0,5.29
Paraguai,2011,24957.0,147641.0,5.92
Paraguai,2012,28419.0,155294.0,5.46
Paraguai,2013,36735.0,164496.0,4.48
Paraguai,2014,27977.0,141785.0,5.07
Paraguai,2015,20468.0,86899.0,4.25
Paraguai,2016,10379.0,49599.0,4.78
Paraguai,2017,89408.0,502221.0,5.62
Paraguai,2018,48600.0,267065.0,5.5
Paraguai,2019,14531.0,150308.0,10.34
Paraguai,2020,11151.0,105763.0,9.48
Paraguai,2021,12617.0,115271.0,9.14
Paraguai,2022,46067.0,364584.0,7.91
Paraguai,2023,25903.0,202971.0,7.84
Paraguai,2024,40398.0,378715.0,9.37
Paraguai,2025,18809.0,175208.0,9.32
Países Baixos,2006,14151459.0,48313048.0,3.41
Países Baixos,2007,14920294.0,51553270.0,3.46
Países Baixos,2008,13786956.0,48858113.0,3.54
Países Baixos,2009,11405970.0,40335327.0,3.54
Países Baixos,2010,12470117.0,44280513.0,3.55
Países Baixos,2011,12362883.0,44116496.0,3.57
Países Baixos,2012,12824627.0,45378876.0,3.54
Países Baixos,2013,11713133.0,43462331.0,3.71
Países Baixos,2014,11115829.0,43161509.0,3.88
Países Baixos,2015,11000300.0,42367480.0,3.85
Países Baixos,2016,11358218.0,44268821.0,3.9
Países Baixos,2017,11000429.0,43326048.0,3.94
Países Baixos,2018,9377777.0,38304715.0,4.08
Países Baixos,2019,9516169.0,38567482.0,4.05
Países Baixos,2020,9270825.0,37510698.0,4.05
Países Baixos,2021,9261077.0,37590171.0,4.06
Países Baixos,2022,7539464.0,34886487.0,4.63
Países Baixos,2023,7523648.0,35750047.0,4.75
Países Baixos,2024,7828334.0,37238427.0,4.76
Países Baixos,2025,7796225.0,37620369.0,4.83
Peru,2006,2700.0,9360.0,3.47
Peru,2007,3150.0,12469.0,3.96
Peru,2008,5922.0,26676.0,4.5
Peru,2009,2340.0,7558.0,3.23
Peru,2010,2565.0,11070.0,4.32
Peru,2011,2516.0,13081.0,5.2
Peru,2012,4898.0,41232.0,8.42
Peru,2013,3471.0,26247.0,7.56
Peru,2014,4274.0,17990.0,4.21
Peru,2015,5192.0,33367.0,6.43
Peru,2016,4925.0,25144.0,5.11
Peru,2017,7467.0,62831.0,8.41
Peru,2018,5202.0,22156.0,4.26
Peru,2019,6992.0,52108.0,7.45
Peru,2020,4622.0,23397.0,5.06
Peru,2021,5290.0,35841.0,6.78
Peru,2022,3399.0,20424.0,6.01
Peru,2023,5430.0,34082.0,6.28
Peru,2024,5333.0,37181.0,6.97
Peru,2025,1134.0,7141.0,6.3
Polinésia Francesa,2018,293.0,1208.0,4.13
Polinésia Francesa,2022,1125.0,12060.0,10.72
Polónia,2006,177728.0,696331.0,3.92
Polónia,2007,307193.0,1161915.0,3.78
Polónia,2008,330772.0,1298229.0,3.92
Polónia,2009,385204.0,1303426.0,3.38
Polónia,2010,564011.0,1917194.0,3.4
Polónia,2011,783706.0,2591844.0,3.31
Polónia,2012,974208.0,3208076.0,3.29
Polónia,2013,1233388.0,3830649.0,3.11
Polónia,2014,1076528.0,3470354.0,3.22
Polónia,2015,1176191.0,3844131.0,3.27
Polónia,2016,1080801.0,3632353.0,3.36
Polónia,2017,1274912.0,4299735.0,3.37
Polónia,2018,1249903.0,4364153.0,3.49
Polónia,2019,994419.0,3656406.0,3.68
Polónia,2020,1098579.0,3756001.0,3.42
Polónia,2021,1151544.0,4118819.0,3.58
Polónia,2022,1119333.0,4139817.0,3.7
Polónia,2023,1247069.0,4648342.0,3.73
Polónia,2024,1376627.0,5078499.0,3.69
Polónia,2025,1315197.0,4814731.0,3.66
Portugal,2006,40067204.0,119629965.0,2.99
Portugal,2007,44187068.0,132837604.0,3.01
Portugal,2008,40673789.0,130257286.0,3.2
Portugal,2009,33498243.0,118283514.0,3.53
Portugal,2010,33995372.0,127012171.0,3.74
Portugal,2011,31066032.0,116702707.0,3.76
Portugal,2012,31935826.0,119724388.0,3.75
Portugal,2013,32547974.0,127600106.0,3.92
Portugal,2014,35721372.0,137345301.0,3.84
Portugal,2015,37569066.0,150931663.0,4.02
Portugal,2016,41850867.0,171610415.0,4.1
Portugal,2017,44329853.0,186563896.0,4.21
Portugal,2018,45290823.0,194264607.0,4.29
Portugal,2019,44372743.0,202223518.0,4.56
Portugal,2020,37377274.0,160157408.0,4.28
Portugal,2021,44197425.0,203719332.0,4.61
Portugal,2022,49802643.0,244654839.0,4.91
Portugal,2023,49583834.0,259808285.0,5.24
Portugal,2024,51020645.0,271820628.0,5.33
Portugal,2025,51407850.0,268720367.0,5.23
Quiribáti,2021,1040.0,12590.0,12.11
Quiribáti,2025,90.0,989.0,10.99
Quénia,2007,1634.0,13292.0,8.14
Quénia,2008,225.0,2539.0,11.28
Quénia,2010,653.0,7267.0,11.14
Quénia,2011,473.0,5625.0,11.9
Quénia,2012,1598.0,17668.0,11.06
Quénia,2013,1373.0,12476.0,9.09
Quénia,2014,683.0,6811.0,9.97
Quénia,2015,1377.0,14322.0,10.4
Quénia,2016,1384.0,11082.0,8.01
Quénia,2017,9323.0,55181.0,5.92
Quénia,2018,3782.0,28062.0,7.42
Quénia,2019,4208.0,32209.0,7.66
Quénia,2020,2169.0,13385.0,6.17
Quénia,2021,5438.0,41420.0,7.62
Quénia,2022,3827.0,25341.0,6.62
Quénia,2023,378.0,4953.0,13.1
Quénia,2024,5454.0,46083.0,8.45
Quénia,2025,5321.0,52036.0,9.78
Reino Unido,2006,10390885.0,50477882.0,4.86
Reino Unido,2007,10663328.0,51050836.0,4.79
Reino Unido,2008,9264973.0,40737180.0,4.4
Reino Unido,2009,9360853.0,42535801.0,4.54
Reino Unido,2010,9076018.0,43236156.0,4.76
Reino Unido,2011,9395944.0,43364761.0,4.62
Reino Unido,2012,9857527.0,47632368.0,4.83
Reino Unido,2013,10459540.0,51954920.0,4.97
Reino Unido,2014,9305884.0,47524680.0,5.11
Reino Unido,2015,9870543.0,52224480.0,5.29
Reino Unido,2016,9712512.0,51016251.0,5.25
Reino Unido,2017,10748294.0,55331988.0,5.15
Reino Unido,2018,9919114.0,49758908.0,5.02
Reino Unido,2019,9206255.0,50377475.0,5.47
Reino Unido,2020,10814767.0,53103561.0,4.91
Reino Unido,2021,11968113.0,61969178.0,5.18
Reino Unido,2022,9401546.0,49319187.0,5.25
Reino Unido,2023,9407624.0,50821643.0,5.4
Reino Unido,2024,8359729.0,45702824.0,5.47
Reino Unido,2025,8977414.0,48501722.0,5.4
República Democrátic,2015,1733.0,10639.0,6.14
República Democrátic,2016,828.0,4670.0,5.64
República Democrátic,2019,392.0,3213.0,8.21
República Democrátic,2020,396.0,2682.0,6.77
República Democrátic,2021,1035.0,7511.0,7.26
República Democrátic,2022,351.0,1833.0,5.22
República Democrátic,2023,1602.0,15097.0,9.42
República Democrátic,2024,1130.0,13510.0,11.96
República Democrátic,2025,954.0,6552.0,6.87
República Dominicana,2006,5765.0,26054.0,4.52
República Dominicana,2007,7853.0,47332.0,6.03
República Dominicana,2008,7691.0,40633.0,5.28
República Dominicana,2009,7128.0,29064.0,4.08
República Dominicana,2010,4595.0,21607.0,4.7
República Dominicana,2011,12521.0,66326.0,5.3
República Dominicana,2012,5783.0,28459.0,4.92
República Dominicana,2013,11286.0,52807.0,4.68
República Dominicana,2014,7982.0,47467.0,5.95
República Dominicana,2015,9320.0,50893.0,5.46
República Dominicana,2016,6222.0,34932.0,5.61
República Dominicana,2017,9546.0,56099.0,5.88
República Dominicana,2018,9605.0,55810.0,5.81
República Dominicana,2019,13049.0,72082.0,5.52
República Dominicana,2020,16218.0,158017.0,9.74
República Dominicana,2021,13418.0,82093.0,6.12
República Dominicana,2022,36628.0,367981.0,10.05
República Dominicana,2023,19800.0,204786.0,10.34
República Dominicana,2024,24021.0,227838.0,9.48
República Dominicana,2025,26444.0,259923.0,9.83
República Quirguiz,2006,5639.0,25340.0,4.49
República Quirguiz,2016,1440.0,4890.0,3.4
República Quirguiz,2019,450.0,4074.0,9.05
República Quirguiz,2020,450.0,1500.0,3.33
República Quirguiz,2021,405.0,2268.0,5.6
República Quirguiz,2022,383.0,3278.0,8.57
República Quirguiz,2023,455.0,2711.0,5.96
República Quirguiz,2024,563.0,4256.0,7.57
República Quirguiz,2025,1278.0,9693.0,7.58
República da Bósnia,2007,3169.0,21454.0,6.77
República da Bósnia,2008,1709.0,8205.0,4.8
República da Bósnia,2009,977.0,5239.0,5.37
República da Bósnia,2010,1457.0,8527.0,5.85
República da Bósnia,2011,1269.0,7278.0,5.74
República da Bósnia,2013,1281.0,7844.0,6.12
República da Bósnia,2014,675.0,6358.0,9.42
República da Bósnia,2015,1022.0,4560.0,4.46
República da Bósnia,2016,1197.0,6546.0,5.47
República da Bósnia,2017,1248.0,6435.0,5.16
República da Bósnia,2019,977.0,5838.0,5.98
República da Bósnia,2020,855.0,4056.0,4.74
República da Bósnia,2021,1584.0,10056.0,6.35
República da Bósnia,2022,922.0,6474.0,7.02
República da Bósnia,2023,841.0,4360.0,5.19
República da Bósnia,2024,773.0,4358.0,5.64
República da Bósnia,2025,891.0,6046.0,6.79
República da Moldávi,2019,1733.0,4293.0,2.48
República da Moldávi,2023,239.0,2407.0,10.09
República da Moldávi,2024,711.0,5760.0,8.1
República da Moldávi,2025,90.0,1500.0,16.67
Roménia,2006,3503.0,13158.0,3.76
Roménia,2007,24820.0,111358.0,4.49
Roménia,2008,25079.0,111203.0,4.43
Roménia,2009,11124.0,49606.0,4.46
Roménia,2010,10249.0,43321.0,4.23
Roménia,2011,7637.0,49152.0,6.44
Roménia,2012,13061.0,62475.0,4.78
Roménia,2013,20838.0,84110.0,4.04
Roménia,2014,11574.0,73313.0,6.33
Roménia,2015,13965.0,90582.0,6.49
Roménia,2016,23987.0,116223.0,4.85
Roménia,2017,26989.0,154680.0,5.73
Roménia,2018,26832.0,135637.0,5.06
Roménia,2019,25655.0,127262.0,4.96
Roménia,2020,16676.0,103664.0,6.22
Roménia,2021,25762.0,157397.0,6.11
Roménia,2022,20754.0,167057.0,8.05
Roménia,2023,15937.0,154429.0,9.69
Roménia,2024,21648.0,131669.0,6.08
Roménia,2025,11248.0,91381.0,8.12
Ruanda,2012,4800.0,26282.0,5.48
Ruanda,2015,1350.0,7095.0,5.26
Ruanda,2021,23.0,300.0,13.33
Ruanda,2023,18.0,125.0,6.93
Rússia,2006,103695.0,790287.0,7.62
Rússia,2007,152719.0,1326041.0,8.68
Rússia,2008,113940.0,846338.0,7.43
Rússia,2009,108298.0,709366.0,6.55
Rússia,2010,161635.0,1121533.0,6.94
Rússia,2011,254074.0,1587419.0,6.25
Rússia,2012,385235.0,2068403.0,5.37
Rússia,2013,511931.0,2818676.0,5.51
Rússia,2014,579965.0,2747346.0,4.74
Rússia,2015,409173.0,1557701.0,3.81
Rússia,2016,489925.0,1993922.0,4.07
Rússia,2017,661039.0,3149486.0,4.76
Rússia,2018,621582.0,3173768.0,5.11
Rússia,2019,683124.0,3077044.0,4.5
Rússia,2020,976051.0,4134660.0,4.24
Rússia,2021,1068394.0,5038742.0,4.72
Rússia,2022,744650.0,2987818.0,4.01
Rússia,2023,595893.0,2472061.0,4.15
Rússia,2024,225047.0,1210471.0,5.38
Rússia,2025,209665.0,1061265.0,5.06
Salvador,2023,378.0,1720.0,4.55
Salvador,2024,2295.0,14888.0,6.49
Salvador,2025,180.0,668.0,3.71
Seicheles,2014,63.0,774.0,12.29
Seicheles,2016,77.0,459.0,6.0
Seicheles,2017,270.0,4500.0,16.67
Seicheles,2018,539.0,6827.0,12.68
Seicheles,2019,1724.0,11374.0,6.6
Seicheles,2021,585.0,4144.0,7.08
Seicheles,2022,450.0,6375.0,14.17
Seicheles,2023,342.0,3141.0,9.18
Seicheles,2024,2655.0,19438.0,7.32
Seicheles,2025,500.0,5459.0,10.93
Senegal,2007,14.0,51.0,3.75
Senegal,2019,342.0,2075.0,6.07
Senegal,2020,428.0,2271.0,5.31
Senegal,2021,360.0,1755.0,4.88
Senegal,2022,833.0,4324.0,5.19
Senegal,2023,113.0,709.0,6.3
Senegal,2024,270.0,1370.0,5.07
Serra Leoa,2008,360.0,1777.0,4.94
Serra Leoa,2018,129.0,898.0,6.96
Serra Leoa,2019,420.0,2904.0,6.91
Serra Leoa,2021,240.0,1644.0,6.85
Serra Leoa,2024,300.0,2180.0,7.27
Serra Leoa,2025,443.0,3313.0,7.49
Singapura,2006,70442.0,470982.0,6.69
Singapura,2007,69089.0,488852.0,7.08
Singapura,2008,62111.0,435773.0,7.02
Singapura,2009,70906.0,431352.0,6.08
Singapura,2010,79132.0,521153.0,6.59
Singapura,2011,107637.0,819233.0,7.61
Singapura,2012,109886.0,787847.0,7.17
Singapura,2013,108772.0,786926.0,7.23
Singapura,2014,121104.0,961742.0,7.94
Singapura,2015,105499.0,830581.0,7.87
Singapura,2016,125973.0,876067.0,6.95
Singapura,2017,162126.0,1146990.0,7.07
Singapura,2018,116290.0,825823.0,7.1
Singapura,2019,89335.0,667177.0,7.47
Singapura,2020,97142.0,862413.0,8.88
Singapura,2021,89351.0,872091.0,9.76
Singapura,2022,114165.0,1390627.0,12.18
Singapura,2023,151214.0,1486764.0,9.83
Singapura,2024,105211.0,1097127.0,10.43
Singapura,2025,80349.0,845296.0,10.52
Sri Lanca,2010,455.0,1650.0,3.63
Sri Lanca,2011,563.0,3162.0,5.62
Sri Lanca,2012,369.0,1497.0,4.06
Sri Lanca,2013,158.0,875.0,5.56
Sri Lanca,2014,653.0,3475.0,5.33
Sri Lanca,2015,842.0,5453.0,6.48
Sri Lanca,2016,4932.0,25752.0,5.22
Sri Lanca,2017,734.0,4558.0,6.21
Sri Lanca,2018,1967.0,11409.0,5.8
Sri Lanca,2019,1058.0,5953.0,5.63
Sri Lanca,2020,1260.0,7639.0,6.06
Sri Lanca,2021,4950.0,34074.0,6.88
Sri Lanca,2022,2484.0,20534.0,8.27
Sri Lanca,2023,5843.0,38246.0,6.55
Sri Lanca,2024,2223.0,14932.0,6.72
Sri Lanca,2025,4613.0,32310.0,7.0
Suazilândia,2006,1958.0,8568.0,4.38
Suazilândia,2007,7898.0,39314.0,4.98
Suazilândia,2008,4478.0,18432.0,4.12
Suazilândia,2009,3015.0,15188.0,5.04
Suazilândia,2010,4185.0,17977.0,4.3
Suazilândia,2011,735.0,2795.0,3.8
Suazilândia,2012,4442.0,18360.0,4.13
Suazilândia,2013,1350.0,6563.0,4.86
Suazilândia,2014,7290.0,33279.0,4.57
Suazilândia,2015,58365.0,119976.0,2.06
Suazilândia,2016,51205.0,106871.0,2.09
Suazilândia,2017,54143.0,116680.0,2.16
Suazilândia,2018,60960.0,167452.0,2.75
Suazilândia,2019,47700.0,107627.0,2.26
Suazilândia,2020,40388.0,95738.0,2.37
Suazilândia,2021,34335.0,111219.0,3.24
Suazilândia,2022,45450.0,121992.0,2.68
Suazilândia,2023,37890.0,140842.0,3.72
Suazilândia,2024,43404.0,176989.0,4.08
Suazilândia,2025,1530.0,6210.0,4.06
Suriname,2012,2010.0,10921.0,5.43
Suriname,2014,675.0,4169.0,6.18
Suriname,2017,3375.0,9410.0,2.79
Suriname,2018,563.0,2984.0,5.3
Suriname,2019,510.0,3100.0,6.08
Suriname,2022,203.0,1094.0,5.4
Suriname,2023,446.0,2585.0,5.8
Suécia,2006,368427.0,2035451.0,5.52
Suécia,2007,398060.0,2208113.0,5.55
Suécia,2008,395083.0,2350118.0,5.95
Suécia,2009,412175.0,2297147.0,5.57
Suécia,2010,430589.0,2386018.0,5.54
Suécia,2011,378557.0,2155631.0,5.69
Suécia,2012,380061.0,2162732.0,5.69
Suécia,2013,380502.0,3755429.0,9.87
Suécia,2014,396127.0,2425681.0,6.12
Suécia,2015,405497.0,2426497.0,5.98
Suécia,2016,403674.0,2415665.0,5.98
Suécia,2017,390017.0,2287407.0,5.86
Suécia,2018,437788.0,2682008.0,6.13
Suécia,2019,720794.0,2961344.0,4.11
Suécia,2020,701849.0,2962231.0,4.22
Suécia,2021,596221.0,3445677.0,5.78
Suécia,2022,429680.0,2489654.0,5.79
Suécia,2023,389700.0,2445868.0,6.28
Suécia,2024,387319.0,2253440.0,5.82
Suécia,2025,468005.0,2791509.0,5.96
Suíça,2006,1211913.0,5732895.0,4.73
Suíça,2007,1445769.0,6619833.0,4.58
Suíça,2008,1567135.0,6933158.0,4.42
Suíça,2009,1363821.0,6040653.0,4.43
Suíça,2010,1196923.0,6120382.0,5.11
Suíça,2011,1251932.0,6492539.0,5.19
Suíça,2012,1281808.0,6658195.0,5.19
Suíça,2013,1379267.0,7455629.0,5.41
Suíça,2014,1536979.0,8195118.0,5.33
Suíça,2015,1540750.0,8582694.0,5.57
Suíça,2016,1691213.0,9622969.0,5.69
Suíça,2017,1670859.0,9068418.0,5.43
Suíça,2018,1755232.0,9559492.0,5.45
Suíça,2019,1808435.0,10091180.0,5.58
Suíça,2020,1807480.0,10046415.0,5.56
Suíça,2021,2173223.0,12154078.0,5.59
Suíça,2022,1813675.0,10725996.0,5.91
Suíça,2023,1721702.0,10493369.0,6.09
Suíça,2024,1508672.0,9354220.0,6.2
Suíça,2025,1467125.0,9826920.0,6.7
São Bartolomeu,2014,140.0,578.0,4.14
São Bartolomeu,2015,86.0,743.0,8.68
São Bartolomeu,2018,270.0,10.0,0.04
São Bartolomeu,2025,1800.0,19920.0,11.07
São Cristóvão e Neve,2023,413.0,3588.0,8.7
São Cristóvão e Neve,2024,387.0,2730.0,7.05
São Martinho,2015,803.0,6455.0,8.04
São Martinho,2016,288.0,2189.0,7.6
São Martinho,2017,27.0,440.0,16.3
São Martinho,2018,23.0,275.0,12.22
São Martinho,2019,45.0,852.0,18.93
São Martinho,2020,9.0,114.0,12.67
São Martinho,2021,27.0,448.0,16.59
São Martinho,2022,27.0,463.0,17.16
São Martinho,2023,36.0,679.0,18.86
São Martinho,2024,104.0,2015.0,19.47
São Martinho,2025,1481.0,16601.0,11.21
São Tomé e Príncipe,2006,14603.0,21064.0,1.44
São Tomé e Príncipe,2007,2430.0,6798.0,2.8
São Tomé e Príncipe,2008,6645.0,12511.0,1.88
São Tomé e Príncipe,2009,4982.0,13413.0,2.69
São Tomé e Príncipe,2010,11205.0,26434.0,2.36
São Tomé e Príncipe,2011,11768.0,24223.0,2.06
São Tomé e Príncipe,2012,14684.0,33534.0,2.28
São Tomé e Príncipe,2013,1125.0,4399.0,3.91
São Tomé e Príncipe,2014,2138.0,6045.0,2.83
São Tomé e Príncipe,2015,3668.0,10769.0,2.94
São Tomé e Príncipe,2016,5387.0,13035.0,2.42
São Tomé e Príncipe,2017,3924.0,10970.0,2.8
São Tomé e Príncipe,2018,5681.0,16600.0,2.92
São Tomé e Príncipe,2019,7280.0,17319.0,2.38
São Tomé e Príncipe,2020,450.0,3037.0,6.75
São Tomé e Príncipe,2021,968.0,3028.0,3.13
São Tomé e Príncipe,2022,905.0,3862.0,4.27
São Tomé e Príncipe,2023,68.0,450.0,6.67
São Tomé e Príncipe,2024,180.0,497.0,2.76
São Tomé e Príncipe,2025,1125.0,4275.0,3.8
São Vicente e Granad,2018,563.0,9022.0,16.04
São Vicente e Granad,2019,1548.0,10202.0,6.59
São Vicente e Granad,2021,1710.0,8664.0,5.07
São Vicente e Granad,2022,608.0,3301.0,5.43
São Vicente e Granad,2023,288.0,2272.0,7.89
São Vicente e Granad,2024,653.0,5253.0,8.05
São Vicente e Granad,2025,563.0,3468.0,6.16
Sérvia,2015,6975.0,31651.0,4.54
Sérvia,2016,8656.0,51591.0,5.96
Sérvia,2017,6673.0,42242.0,6.33
Sérvia,2018,6556.0,44997.0,6.86
Sérvia,2019,4306.0,30926.0,7.18
Sérvia,2020,7188.0,36953.0,5.14
Sérvia,2021,7893.0,61875.0,7.84
Sérvia,2022,24896.0,141177.0,5.67
Sérvia,2023,15773.0,116064.0,7.36
Sérvia,2024,26492.0,161341.0,6.09
Sérvia,2025,28066.0,209807.0,7.48
Sérvia e Montenegro,2006,4257.0,7434.0,1.75
Sérvia e Montenegro,2007,7216.0,46887.0,6.5
Sérvia e Montenegro,2008,3065.0,20677.0,6.75
Sérvia e Montenegro,2009,4988.0,31176.0,6.25
Sérvia e Montenegro,2010,2160.0,7268.0,3.36
Sérvia e Montenegro,2011,10886.0,72097.0,6.62
Sérvia e Montenegro,2012,6782.0,38340.0,5.65
Sérvia e Montenegro,2013,10230.0,38862.0,3.8
Sérvia e Montenegro,2014,9889.0,45898.0,4.64
Sérvia e Montenegro,2015,1598.0,6247.0,3.91
TOTAIS,2006,123470575.0,468316800.0,3.79
TOTAIS,2007,131752869.0,498771604.0,3.79
TOTAIS,2008,123938045.0,471370300.0,3.8
TOTAIS,2009,112960747.0,444229451.0,3.93
TOTAIS,2010,115045520.0,470911755.0,4.09
TOTAIS,2011,111277762.0,455583556.0,4.09
TOTAIS,2012,112612797.0,462908929.0,4.11
TOTAIS,2013,111357571.0,482314384.0,4.33
TOTAIS,2014,114427628.0,493610927.0,4.31
TOTAIS,2015,115507636.0,508728667.0,4.4
TOTAIS,2016,119383723.0,533254930.0,4.47
TOTAIS,2017,122276640.0,553785874.0,4.53
TOTAIS,2018,120557156.0,554857248.0,4.6
TOTAIS,2019,118711243.0,569690083.0,4.8
TOTAIS,2020,111947915.0,516767170.0,4.62
TOTAIS,2021,124054975.0,604439700.0,4.87
TOTAIS,2022,122273010.0,623395568.0,5.1
TOTAIS,2023,115832584.0,616641078.0,5.32
TOTAIS,2024,114884108.0,623813515.0,5.43
TOTAIS,2025,115340460.0,620691781.0,5.38
Tailândia,2006,7808.0,45849.0,5.87
Tailândia,2007,5598.0,30976.0,5.53
Tailândia,2008,8021.0,38663.0,4.82
Tailândia,2009,6102.0,38397.0,6.29
Tailândia,2010,4590.0,27565.0,6.01
Tailândia,2011,7875.0,44254.0,5.62
Tailândia,2012,8624.0,51401.0,5.96
Tailândia,2013,6611.0,35198.0,5.32
Tailândia,2014,8946.0,53620.0,5.99
Tailândia,2015,5756.0,42968.0,7.47
Tailândia,2016,11108.0,75830.0,6.83
Tailândia,2017,10928.0,66556.0,6.09
Tailândia,2018,11817.0,84483.0,7.15
Tailândia,2019,6665.0,50916.0,7.64
Tailândia,2020,9383.0,80412.0,8.57
Tailândia,2021,5969.0,42818.0,7.17
Tailândia,2022,17401.0,142373.0,8.18
Tailândia,2023,13320.0,112763.0,8.47
Tailândia,2024,18539.0,139112.0,7.5
Tailândia,2025,19694.0,145407.0,7.38
Taiwan,2006,13129.0,102201.0,7.78
Taiwan,2007,10828.0,83943.0,7.75
Taiwan,2008,13037.0,108683.0,8.34
Taiwan,2009,14345.0,106454.0,7.42
Taiwan,2010,19468.0,171969.0,8.83
Taiwan,2011,20482.0,171872.0,8.39
Taiwan,2012,26291.0,250469.0,9.53
Taiwan,2013,24763.0,245668.0,9.92
Taiwan,2014,26737.0,264190.0,9.88
Taiwan,2015,30641.0,368437.0,12.02
Taiwan,2016,61853.0,385192.0,6.23
Taiwan,2017,55169.0,511452.0,9.27
Taiwan,2018,42413.0,360769.0,8.51
Taiwan,2019,36533.0,354399.0,9.7
Taiwan,2020,36547.0,294177.0,8.05
Taiwan,2021,50307.0,498957.0,9.92
Taiwan,2022,49245.0,428448.0,8.7
Taiwan,2023,30091.0,282381.0,9.38
Taiwan,2024,30201.0,334264.0,11.07
Taiwan,2025,30812.0,330568.0,10.73
Tanzânia,2014,2.0,0.0,
Tanzânia,2017,120.0,6780.0,56.5
Território Britânico,2017,25920.0,51494.0,1.99
Território Britânico,2020,3.0,0.0,
Território Britânico,2023,581.0,2627.0,4.53
Timor-Leste,2006,3398.0,16709.0,4.92
Timor-Leste,2007,6039.0,40557.0,6.72
Timor-Leste,2008,4424.0,24686.0,5.58
Timor-Leste,2009,5265.0,22880.0,4.35
Timor-Leste,2010,9284.0,58540.0,6.31
Timor-Leste,2011,3312.0,17612.0,5.32
Timor-Leste,2012,17449.0,54276.0,3.11
Timor-Leste,2013,9374.0,41152.0,4.39
Timor-Leste,2014,7070.0,29584.0,4.18
Timor-Leste,2015,10751.0,44065.0,4.1
Timor-Leste,2016,15098.0,62941.0,4.17
Timor-Leste,2017,10823.0,61378.0,5.67
Timor-Leste,2018,6461.0,31715.0,4.91
Timor-Leste,2019,5948.0,35008.0,5.89
Timor-Leste,2020,3411.0,18067.0,5.3
Timor-Leste,2021,9734.0,41689.0,4.28
Timor-Leste,2022,4638.0,39311.0,8.48
Timor-Leste,2023,11798.0,77940.0,6.61
Timor-Leste,2024,5010.0,38270.0,7.64
Timor-Leste,2025,5039.0,35948.0,7.13
Togo,2025,450.0,3186.0,7.08
Trindade e Tobago,2006,4572.0,25702.0,5.62
Trindade e Tobago,2007,11310.0,51192.0,4.53
Trindade e Tobago,2008,7568.0,38941.0,5.15
Trindade e Tobago,2009,15345.0,70005.0,4.56
Trindade e Tobago,2010,10220.0,45552.0,4.46
Trindade e Tobago,2011,21683.0,134793.0,6.22
Trindade e Tobago,2012,15701.0,89542.0,5.7
Trindade e Tobago,2013,17448.0,96895.0,5.55
Trindade e Tobago,2014,18958.0,98918.0,5.22
Trindade e Tobago,2015,14096.0,73004.0,5.18
Trindade e Tobago,2016,7928.0,43252.0,5.46
Trindade e Tobago,2017,13571.0,77734.0,5.73
Trindade e Tobago,2018,8604.0,44854.0,5.21
Trindade e Tobago,2019,9200.0,58917.0,6.4
Trindade e Tobago,2020,7569.0,38165.0,5.04
Trindade e Tobago,2021,9506.0,57152.0,6.01
Trindade e Tobago,2022,16097.0,102712.0,6.38
Trindade e Tobago,2023,11227.0,87758.0,7.82
Trindade e Tobago,2024,17244.0,153215.0,8.89
Trindade e Tobago,2025,8387.0,73120.0,8.72
Turquia,2006,1575.0,8059.0,5.12
Turquia,2007,5481.0,23365.0,4.26
Turquia,2008,2030.0,10143.0,5.0
Turquia,2009,3317.0,12341.0,3.72
Turquia,2010,5993.0,35895.0,5.99
Turquia,2011,3474.0,19807.0,5.7
Turquia,2012,7668.0,59805.0,7.8
Turquia,2013,6408.0,49989.0,7.8
Turquia,2014,11763.0,70758.0,6.02
Turquia,2015,14621.0,106045.0,7.25
Turquia,2016,14193.0,109072.0,7.68
Turquia,2017,13131.0,91552.0,6.97
Turquia,2018,13032.0,93592.0,7.18
Turquia,2019,14406.0,101324.0,7.03
Turquia,2020,5175.0,29274.0,5.66
Turquia,2021,8960.0,55774.0,6.23
Turquia,2022,19274.0,134286.0,6.97
Turquia,2023,22923.0,162811.0,7.1
Turquia,2024,20853.0,172110.0,8.25
Turquia,2025,19629.0,157280.0,8.01
Ucrânia,2006,3006.0,31269.0,10.4
Ucrânia,2007,4608.0,52103.0,11.31
Ucrânia,2008,3128.0,51791.0,16.56
Ucrânia,2009,6458.0,65958.0,10.21
Ucrânia,2010,11337.0,76920.0,6.79
Ucrânia,2011,30314.0,213879.0,7.06
Ucrânia,2012,37416.0,212203.0,5.67
Ucrânia,2013,32712.0,214461.0,6.56
Ucrânia,2014,55712.0,306866.0,5.51
Ucrânia,2015,32125.0,189265.0,5.89
Ucrânia,2016,67047.0,362316.0,5.4
Ucrânia,2017,53114.0,292282.0,5.5
Ucrânia,2018,95532.0,538295.0,5.63
Ucrânia,2019,122074.0,623159.0,5.1
Ucrânia,2020,163377.0,773275.0,4.73
Ucrânia,2021,183171.0,896481.0,4.89
Ucrânia,2022,98154.0,466503.0,4.75
Ucrânia,2023,183188.0,881116.0,4.81
Ucrânia,2024,167423.0,793662.0,4.74
Ucrânia,2025,150779.0,779325.0,5.17
Uganda,2018,61.0,239.0,3.93
Uganda,2020,101.0,495.0,4.89
Uganda,2021,56.0,750.0,13.33
Uganda,2022,70.0,930.0,13.33
Uganda,2023,72.0,850.0,11.8
Uruguai,2006,13455.0,67334.0,5.0
Uruguai,2007,42323.0,268652.0,6.35
Uruguai,2008,15638.0,96457.0,6.17
Uruguai,2009,23238.0,121267.0,5.22
Uruguai,2010,24367.0,148431.0,6.09
Uruguai,2011,35819.0,172192.0,4.81
Uruguai,2012,14286.0,107054.0,7.49
Uruguai,2013,33686.0,193796.0,5.75
Uruguai,2014,27947.0,160899.0,5.76
Uruguai,2015,6910.0,58770.0,8.51
Uruguai,2016,11376.0,116833.0,10.27
Uruguai,2017,21792.0,161868.0,7.43
Uruguai,2018,17080.0,91164.0,5.34
Uruguai,2019,13514.0,110123.0,8.15
Uruguai,2020,9027.0,125350.0,13.89
Uruguai,2021,31646.0,326934.0,10.33
Uruguai,2022,26822.0,324439.0,12.1
Uruguai,2023,19134.0,290419.0,15.18
Uruguai,2024,16697.0,311608.0,18.66
Uruguai,2025,31890.0,508555.0,15.95
Usbequistão,2019,203.0,1367.0,6.75
Usbequistão,2021,270.0,1764.0,6.53
Usbequistão,2024,1710.0,13715.0,8.02
Usbequistão,2025,248.0,1710.0,6.91
Venezuela,2006,143398.0,686404.0,4.79
Venezuela,2007,77622.0,423107.0,5.45
Venezuela,2008,56162.0,235960.0,4.2
Venezuela,2009,83066.0,368192.0,4.43
Venezuela,2010,65293.0,285314.0,4.37
Venezuela,2011,125077.0,516201.0,4.13
Venezuela,2012,164457.0,717437.0,4.36
Venezuela,2013,44549.0,207987.0,4.67
Venezuela,2014,43515.0,180366.0,4.14
Venezuela,2015,5675.0,21079.0,3.71
Venezuela,2016,12251.0,54859.0,4.48
Venezuela,2017,7772.0,39539.0,5.09
Venezuela,2018,866.0,3824.0,4.41
Venezuela,2019,225.0,795.0,3.53
Venezuela,2020,4842.0,16125.0,3.33
Venezuela,2021,7281.0,25812.0,3.55
Venezuela,2022,10890.0,46073.0,4.23
Venezuela,2023,10341.0,51478.0,4.98
Venezuela,2024,18009.0,109939.0,6.1
Venezuela,2025,6759.0,40680.0,6.02
Vietname,2006,2265.0,11042.0,4.88
Vietname,2007,705.0,12036.0,17.07
Vietname,2008,3968.0,21317.0,5.37
Vietname,2009,2228.0,5436.0,2.44
Vietname,2010,2816.0,15234.0,5.41
Vietname,2011,1422.0,14496.0,10.19
Vietname,2012,342.0,2604.0,7.61
Vietname,2013,911.0,12340.0,13.55
Vietname,2014,396.0,3554.0,8.98
Vietname,2015,954.0,7270.0,7.62
Vietname,2016,2030.0,16850.0,8.3
Vietname,2017,1814.0,14846.0,8.19
Vietname,2018,2386.0,25230.0,10.58
Vietname,2019,1632.0,14008.0,8.58
Vietname,2020,2349.0,13574.0,5.78
Vietname,2021,558.0,3161.0,5.66
Vietname,2022,2036.0,18847.0,9.26
Vietname,2023,5441.0,46447.0,8.54
Vietname,2024,2588.0,29435.0,11.38
Vietname,2025,4217.0,39713.0,9.42
Zimbabué,2015,63.0,102.0,1.63
Zimbabué,2016,395.0,575.0,1.45
Zimbabué,2019,63.0,3255.0,51.67
Zâmbia,2015,315.0,13200.0,41.9
Zâmbia,2016,266.0,9360.0,35.25
Zâmbia,2017,237.0,8800.0,37.13
Zâmbia,2018,126.0,5730.0,45.48
Zâmbia,2019,126.0,6510.0,51.67
África do Sul,2006,24999.0,136632.0,5.47
África do Sul,2007,23823.0,106834.0,4.48
África do Sul,2008,26444.0,155895.0,5.9
África do Sul,2009,24080.0,121934.0,5.06
África do Sul,2010,9305.0,49441.0,5.31
África do Sul,2011,19737.0,115206.0,5.84
África do Sul,2012,21092.0,127702.0,6.05
África do Sul,2013,19628.0,87793.0,4.47
África do Sul,2014,38741.0,220335.0,5.69
África do Sul,2015,31968.0,202933.0,6.35
África do Sul,2016,14963.0,68692.0,4.59
África do Sul,2017,30513.0,203875.0,6.68
África do Sul,2018,31195.0,145714.0,4.67
África do Sul,2019,9810.0,67921.0,6.92
África do Sul,2020,3383.0,24012.0,7.1
África do Sul,2021,24212.0,138428.0,5.72
África do Sul,2022,35463.0,223189.0,6.29
África do Sul,2023,18808.0,92537.0,4.92
África do Sul,2024,24190.0,159225.0,6.58
África do Sul,2025,10157.0,57875.0,5.7
Áustria,2006,149022.0,839493.0,5.63
Áustria,2007,170137.0,946075.0,5.56
Áustria,2008,183077.0,1019022.0,5.57
Áustria,2009,160871.0,904897.0,5.62
Áustria,2010,189436.0,1067419.0,5.63
Áustria,2011,202188.0,1116025.0,5.52
Áustria,2012,216746.0,1203523.0,5.55
Áustria,2013,209696.0,1240184.0,5.91
Áustria,2014,249763.0,1495749.0,5.99
Áustria,2015,253655.0,1480183.0,5.84
Áustria,2016,260982.0,1615926.0,6.19
Áustria,2017,271939.0,1739801.0,6.4
Áustria,2018,245542.0,1489211.0,6.07
Áustria,2019,248475.0,1571807.0,6.33
Áustria,2020,202455.0,1284428.0,6.34
Áustria,2021,209730.0,1481932.0,7.07
Áustria,2022,306417.0,2088695.0,6.82
Áustria,2023,240677.0,1585737.0,6.59
Áustria,2024,279947.0,1730891.0,6.18
Áustria,2025,350669.0,1886385.0,5.38
Índia,2006,2305.0,37535.0,16.29
Índia,2007,1008.0,10514.0,10.43
Índia,2008,432.0,1968.0,4.56
Índia,2009,1663.0,3826.0,2.3
Índia,2010,2097.0,12747.0,6.08
Índia,2011,3524.0,25248.0,7.17
Índia,2012,914.0,10722.0,11.74
Índia,2013,2021.0,16144.0,7.99
Índia,2014,1288.0,25786.0,20.02
Índia,2015,1081.0,5748.0,5.32
Índia,2016,1073.0,11141.0,10.39
Índia,2017,4825.0,15153.0,3.14
Índia,2018,2189.0,16647.0,7.61
Índia,2019,2091.0,10984.0,5.25
Índia,2020,1112.0,9046.0,8.14
Índia,2021,3731.0,19245.0,5.16
Índia,2022,8190.0,55003.0,6.72
Índia,2023,2175.0,18246.0,8.39
Índia,2024,14957.0,68472.0,4.58
Índia,2025,1517.0,3849.0,2.54
